{
    "Nome completo\n": "Austin Kirk Jenkins\n",
    "Nascimento\n": "05 de julho de 1989 (35 anos) Lancaster, Pensilvânia\n",
    "Cônjuge(s)\n": "Britt Baker(2017–presente)\n",
    "Nome(s)de ringue\n": "Adam CarelleAdam Cole\n",
    "Alturaanunciada\n": "6 ft 0 in (1,83 m)[1]\n",
    "Pesoanunciado\n": "200 lb (91 kg)[1][2]\n",
    "Anunciadode\n": "Panama City, Flórida[2][3][4]\n",
    "Treinadopor\n": "Al Snow[4]DJ Hyde[4]Jon Dahmer[4]Les Thatcher[4]Shawn Michaels\n",
    "Estreia\n": "26 de abril de 2008[5]\n"
}