{
    "Tipo\n": "Público\n",
    "Administração\n": "DIAL (Delhi International Airport Limited)\n",
    "Serve\n": "Deli/RCN\n",
    "Localização\n": "Sudoeste de Deli,  Índia\n",
    "Coordenadas\n": "28° 34′ 07″ N, 77° 06′ 44″ L\n",
    "Altitude\n": "237 m (778 ft)\n",
    "Passageiros\n": "50 016 034 ( 20,6%)\n",
    "Carga\n": "794 165 ( 14,8%)\n",
    "Aéreo\n": "374 681 ( 15,3%)\n",
    "\nCabeceira(s)ComprimentoSuperfície\n10/283 810m(12 500ft)Asfalto\n09/272 813m(9 229ft)Asfalto\n11/294 430m(14 534ft)Asfalto\n": "\n",
    "10/28\n": "\n",
    "09/27\n": "\n",
    "11/29\n": "\n"
}