{
    "Reinado\n": "17 de maio de 1886a 14 de abril de 1931\n",
    "Investidura\n": "17 de maio de 1902\n",
    "Predecessor\n": "Afonso XII\n",
    "Sucessor\n": "Monarquia abolida\n",
    "Regente\n": "Maria Cristina (1886–1902)\n",
    "Nascimento\n": "17 de maio de 1886Palácio Real de Madrid, Madrid, Reino da Espanha\n",
    "Morte\n": "28 de fevereirode1941(54 anos)Grand Hotel de Roma, Roma, Reino da Itália\n",
    "Sepultado em\n": "Panteão dos Reis, Mosteiro de El Escorial, El Escorial, Espanha\n",
    "Nome completo\n": " \n",
    "Esposa\n": "Vitória Eugénia de Battenberg\n",
    "mais...Descendência\n": "Afonso, Príncipe das AstúriasJaime, Duque de SegóviaBeatriz da EspanhaMaria Cristina da EspanhaJoão, Conde de BarcelonaGonçalo da Espanha\n",
    "Casa\n": "Bourbon\n",
    "Pai\n": "Afonso XII da Espanha\n",
    "Mãe\n": "Maria Cristina da Áustria\n",
    "Religião\n": "Catolicismo\n",
    "Assinatura\n": "\n"
}