{
    "Nascimento\n": "29 de junho de 1784Sevilha\n",
    "Morte\n": "14 de abril de 1842Gijón\n",
    "Sepultamento\n": "cemitério do Père-Lachaise, Alexandre Aguado's tomb\n",
    "Cidadania\n": "Espanha, França\n",
    "Filho(a)(s)\n": "Olympe Aguado, Onésipe Aguado, Jean Manuel Aguado, Juan Alexander Marie Manuel Aguado y Moreno, 2.Marqués de Las Marismas del Guadalquivir\n",
    "Ocupação\n": "banqueiro, colecionador de arte, militar, mecena, político\n",
    "Distinções\n": "Grã-cruz da Legião de HonraComendador da Ordem de Isabel a CatólicaComendador da Ordem de Carlos IIIComandante da Ordem do RedentorOrdem Real da Espanha\n",
    "Título\n": "Marquês das Marismas do Guadalquivir, visconde\n"
}