{
    "Nascimento\n": "3 de março de 1837Oblast de Vologda,Império Russo\n",
    "Morte\n": "1 de setembro de 1908São Petersburgo,Império Russo\n",
    "Sepultamento\n": "Cemitério Smolensk\n",
    "Nacionalidade\n": "Rrusso\n",
    "Cidadania\n": "Império Russo\n",
    "Alma mater\n": "Universidade Estatal de São Petersburgo\n",
    "Ocupação\n": "matemático, estatístico\n",
    "Distinções\n": ".mw-parser-output .plainlist ol,.mw-parser-output .plainlist ul{line-height:inherit;list-style:none;margin:0;padding:0}.mw-parser-output .plainlist ol li,.mw-parser-output .plainlist ul li{margin-bottom:0}Ordem de São Vladimir, 3.ª classeOrdem de Santo Estanislau, 1ª classe\n",
    "Empregador(a)\n": "Saint Petersburg State Institute of Technology\n",
    "Orientador(a)(es/s)\n": "Pafnuti Tchebychev[1]\n",
    "Orientado(a)(s)\n": "Dmitry Grave, Nikolai Günter, Yegor Ivanovich Zolotarev\n",
    "Instituições\n": "Universidade Estatal de São Petersburgo\n",
    "Campo(s)\n": "matemática\n",
    "Causa da morte\n": "nefrite\n"
}