{
    "←←": "←",
    "←": "",
    "": "→",
    "Bandeira(1935–1945)": "",
    "Lema nacional\n": "Ein Volk, Ein Reich, Ein Führer(\"Um Povo, Um Império, Um Líder\")",
    "Hino nacional\n": "Primeira estrofe de Deutschlandlied (\"A Canção dos Alemães\") seguido por Horst-Wessel-Lied (\"A Canção de Horst Wessel\") \n",
    "Continente\n": "Europa\n",
    "Capital\n": "Berlim(Capital proposta:Welthauptstadt Germania)\n",
    "Membro de\n": ".mw-parser-output .hlist dl,.mw-parser-output .hlist ol,.mw-parser-output .hlist ul{margin:0;padding:0}.mw-parser-output .hlist dd,.mw-parser-output .hlist dt,.mw-parser-output .hlist li{margin:0;display:inline}.mw-parser-output .hlist.inline,.mw-parser-output .hlist.inline dl,.mw-parser-output .hlist.inline ol,.mw-parser-output .hlist.inline ul,.mw-parser-output .hlist dl dl,.mw-parser-output .hlist dl ol,.mw-parser-output .hlist dl ul,.mw-parser-output .hlist ol dl,.mw-parser-output .hlist ol ol,.mw-parser-output .hlist ol ul,.mw-parser-output .hlist ul dl,.mw-parser-output .hlist ul ol,.mw-parser-output .hlist ul ul{display:inline}.mw-parser-output .hlist .mw-empty-li{display:none}.mw-parser-output .hlist dt::after{content:\": \"}.mw-parser-output .hlist dd::after,.mw-parser-output .hlist li::after{content:\" · \";font-weight:bold}.mw-parser-output .hlist dd:last-child::after,.mw-parser-output .hlist dt:last-child::after,.mw-parser-output .hlist li:last-child::after{content:none}.mw-parser-output .hlist dd dd:first-child::before,.mw-parser-output .hlist dd dt:first-child::before,.mw-parser-output .hlist dd li:first-child::before,.mw-parser-output .hlist dt dd:first-child::before,.mw-parser-output .hlist dt dt:first-child::before,.mw-parser-output .hlist dt li:first-child::before,.mw-parser-output .hlist li dd:first-child::before,.mw-parser-output .hlist li dt:first-child::before,.mw-parser-output .hlist li li:first-child::before{content:\" (\";font-weight:normal}.mw-parser-output .hlist dd dd:last-child::after,.mw-parser-output .hlist dd dt:last-child::after,.mw-parser-output .hlist dd li:last-child::after,.mw-parser-output .hlist dt dd:last-child::after,.mw-parser-output .hlist dt dt:last-child::after,.mw-parser-output .hlist dt li:last-child::after,.mw-parser-output .hlist li dd:last-child::after,.mw-parser-output .hlist li dt:last-child::after,.mw-parser-output .hlist li li:last-child::after{content:\")\";font-weight:normal}.mw-parser-output .hlist ol{counter-reset:listitem}.mw-parser-output .hlist ol>li{counter-increment:listitem}.mw-parser-output .hlist ol>li::before{content:\" \"counter(listitem)\"\\a0 \"}.mw-parser-output .hlist dd ol>li:first-child::before,.mw-parser-output .hlist dt ol>li:first-child::before,.mw-parser-output .hlist li ol>li:first-child::before{content:\" (\"counter(listitem)\"\\a0 \"}EixoPacto Tripartite\n",
    "Atualmente parte de\n": "13 paísesAlemanhaÁustriaBielorrússiaBélgicaEslovêniaFrançaLituâniaLuxemburgoPaíses BaixosPolóniaChéquiaRússiaUcrânia\n",
    "Língua oficial\n": "Alemão\n",
    "Religiões\n": ".mw-parser-output .plainlist ol,.mw-parser-output .plainlist ul{line-height:inherit;list-style:none;margin:0;padding:0}.mw-parser-output .plainlist ol li,.mw-parser-output .plainlist ul li{margin-bottom:0}54%Protestantes40%Católicos3.5%Gottgläubige1.5%Sem religião1% outros[1]\n",
    "Moeda\n": "Reichsmark (ℛℳ)\n",
    "Forma de governo\n": "Estado fascista unipartidário nazista unitário sob uma ditadura totalitária\n",
    "•1933–1934Paul von Hindenburg(como Presidente)•1934–1945Adolf Hitler(comoFührer und Reichskanzler)•1945Karl Dönitz(como Presidente)\n": "• ",
    "• ": "5 de junho  de  1945",
    "•1933–1945Adolf Hitler•1945Joseph Goebbels•1945Lutz von Krosigk\n": "• ",
    "•Câmara altaReichsrat(dissolvido em 1934)\n": "• ",
    "Período histórico\n": "EntreguerrasSegunda Guerra Mundial",
    "•30 de janeiro  de  1933Ascensão de Hitler ao poder•23 de março  de  1933Lei de Concessão de Plenos Poderes•30 de junho–2 de julho  de  1934Noite das Facas Longas•15 de setembro  de  1935Leis de Nuremberg•12/13 de março  de  1938Anschluss•9–10 de novembro  de  1938Noite dos Cristais•1 de setembro  de  1939Invasão da Polôniae início daSegunda Guerra Mundial•30 de abril  de  1945Morte de Hitler•2 de maio  de  1945Queda de Berlim•8 de maio  de  1945Rendição•23 de maio  de  1945Dissolução do Governo Flensburg•5 de junho  de  1945Declaração de Berlim\n": "• ",
    "•  1939633,786 km²[2]•  1940823,505 km²[3]\n": " •  1939 ",
    " •  1939 ": " ",
    " •  1940 ": " ",
    "• 193979,375,281(est.)[4]• 1940109,518,183(est.)[3]\n": " • 1939",
    " • 1939": " ",
    " • 1940": " "
}