{
    "Nascimento\n": "31 de março de 1823Moscovo(Império Russo)\n",
    "Morte\n": "2 de junho de 1886 (63 anos)Schelykovo (Império Russo)\n",
    "Sepultamento\n": "Oblast de Costroma\n",
    "Cidadania\n": "Império Russo\n",
    "Irmão(ã)(s)\n": "Mikhail Nikolayevich Ostrovsky\n",
    "Alma mater\n": ".mw-parser-output .plainlist ol,.mw-parser-output .plainlist ul{line-height:inherit;list-style:none;margin:0;padding:0}.mw-parser-output .plainlist ol li,.mw-parser-output .plainlist ul li{margin-bottom:0}Primeiro ginásio de MoscouUniversidade Estadual de Moscou, Faculdade de Direito\n",
    "Ocupação\n": "tradutor, libretista, dramaturga, jornalista, escritor, encenador\n",
    "Empregador(a)\n": "Academia Russa de Ciências\n",
    "Obras destacadas\n": "Enough Stupidity in Every Wise Man, The Storm\n"
}