{
    "Constelação\n": "Centaurus\n",
    "Magnitude aparente\n": "1,33[2]\n",
    "Asc. reta\n": "14h 39m 35,06s[2]\n",
    "Declinação\n": "-60° 50′ 15,10″[2]\n",
    "Tipo espectral\n": "K1V[2]\n",
    "Cor (U-B)\n": "0,68[2]\n",
    "Cor (B-V)\n": "0,88[2]\n",
    "Velocidade radial\n": "−22,3930 ± 0,0043 km/s[3]\n",
    "Mov. próprio (AR)\n": "−3619,9 ± 3,9 mas/a[3]\n",
    "Mov. próprio (DEC)\n": "+693,8 ± 3,9 mas/a[3]\n",
    "Paralaxe\n": "747,17 ± 0,61 mas[3]\n",
    "Distância\n": "4,365 ± 0,004 anos-luz  1,338 ± 0,001 pc\n",
    "Magnitude absoluta\n": "A: 4,40B: 5,85\n",
    "Idade\n": "6,8 ± 0,5 bilhões[8] de anos\n",
    "Massa\n": "0,9373 ± 0,0033[3] M☉\n",
    "Raio\n": "0,8632 ± 0,0037[4] R☉\n",
    "Gravidade superficial\n": "log g = 4,5431 ± 0,0015 cgs[4]\n",
    "Luminosidade\n": "0,503 ± 0,007[4] L☉\n",
    "Temperatura\n": "5231 ± 21[4] K\n",
    "Metalicidade\n": "[Fe/H] = 0,221 ± 0,016[5]\n",
    "Rotação\n": "v sin i = 1,9 ± 0,5 km/s[6]Período de 36,23 ± 1,35 dias[7]\n"
}