{
    "Nomes\n": "Alpha Academy\n",
    "Membros\n": "Chad Gable (líder)OtisMaxxine Dupri\n",
    "Alturas\n": ".mw-parser-output .plainlist ol,.mw-parser-output .plainlist ul{line-height:inherit;list-style:none;margin:0;padding:0}.mw-parser-output .plainlist ol li,.mw-parser-output .plainlist ul li{margin-bottom:0}Chad Gable: 5 ft 8 in (1,73 m)Otis: 5 ft 10 in (1,78 m)Maxxine Dupri: 5 ft 9 in (1,75 m)\n",
    "Pesocombinado\n": "667 lb (303 kg)\n",
    "Estreia\n": "11 de dezembro de 2020\n",
    "Período ematividade\n": "2020–presente\n"
}