{
    "Nome completo\n": "Amedeo Clemente Modigliani\n",
    "Nascimento\n": "12 de julho de 1884Livorno, Toscana, Reino da Itália\n",
    "Morte\n": "24 de janeirode1920(35 anos)Paris, França\n",
    "Residência\n": "Paris, França\n",
    "Nacionalidade\n": "italiana\n",
    "Cônjuge\n": "Jeanne Hébuterne\n",
    "Filho(a)(s)\n": "Jeanne Modigliani (1918-1984)\n",
    "Alma mater\n": "Academia de Belas Artes de Florença\n",
    "Ocupação\n": "Artista plástico e escultor\n",
    "Movimento estético\n": "Modernismo\n"
}