{
    "Nome denascimento\n": "Anderson da Silva\n",
    "Nascimento\n": "14 de abrilde1975(49 anos)São Paulo, SP\n",
    "Nacionalidade\n": "brasileiro  norte-americano[1]\n",
    "Outros nomes\n": "Spider\n",
    "Residência\n": "Los Angeles, Califórnia\n",
    "Cônjuge\n": "Dayane Silva\n",
    "Filho(s)\n": "5[2]\n",
    "Altura\n": "1,88 m[3]\n",
    "Peso\n": "84 kg\n",
    "Divisão\n": "Peso-médio Peso-meio-pesado\n",
    "Envergadura\n": "1,98 m\n",
    "Modalidade\n": "Boxe  Judô  Capoeira  Muaythai  Taekwondo  Jiu-jítsu brasileiro\n",
    "Posição\n": "Southpaw\n",
    "Luta por\n": "Curitiba, PR\n",
    "Equipe\n": "Chute Boxe (até 2003)Team Nogueira  Black House (MMA) X Gym Muay Thay College\n",
    "Treinador\n": "Boxe: Luis Dórea e Josuel Distak  Jiu-Jitsu: Irmãos Nogueira, Sylvio Behring e Ramon Lemos\nPreparador físico: Rogério Camões\nMuay Thai: Pedro Rizzo\n",
    "Graduação\n": " Faixa preta de 3° grau em Jiu-jítsu brasileiro Prajied preto em Muaythai Faixa preta de 5° grau em Taekwondo Faixa preta em Judô\n",
    "Período em atividade\n": "1997–2020 (MMA)\n",
    "Total\n": "46\n",
    "Vitórias\n": "34\n",
    "Por nocaute\n": "4\n",
    "Derrotas\n": "11\n",
    "Por finalização\n": "2\n",
    "Por decisão\n": "4\n",
    "Por desqualificação\n": "1\n",
    "Sem resultado\n": "1\n",
    "Página oficial\n": "spidersilva.com\n"
}