{
    "Nome completo\n": "Manuel Alfonso Andrade Oropeza[1]\n",
    "Nascimento\n": "3 de novembro de 1989 (35 anos)[2]Gómez Palacio, Durango, México[3]\n",
    "Residência\n": "Orlando, Flórida, Estados Unidos\n",
    "Nome(s)de ringue\n": "Andrade El IdoloAndradeAndrade \"Cien\" AlmasBrillanteBrillante Jr.Guerrero AztecaLa SombraManny AndradeRey Azteca\n",
    "Alturaanunciada\n": "1.75 m (5 ft 9 in)[4]\n",
    "Pesoanunciado\n": "95 kg (210 lb)[4]\n",
    "Anunciadode\n": "Gómez Palacio, Durango, México[4][5]\n",
    "Treinadopor\n": "Moro III[3]Brillante, Sr.[3]El Satánico[3]Stuka[3]Franco Colombo[3]\n",
    "Estreia\n": "3 de outubro de 2003[3]\n"
}