{
    "Nascimento\n": "17 de março de 1975Whitby, Ontário\n",
    "Morte\n": "13 de março de 2009 (33 anos)\n",
    "Residência\n": "Tampa, Flórida\n",
    "Nome(s)de ringue\n": "Andrew MartinBig FootMartin KaneTestT.J. Thunder\n",
    "Alturaanunciada\n": "1,98 m (6,0 in)\n",
    "Pesoanunciado\n": "280 lb (127 kg)\n",
    "Anunciadode\n": "Toronto, Ontário\n",
    "Treinadopor\n": "Leo BurkeDory Funk, Jr.Bret Hart\n",
    "Estreia\n": "10 de julho de 1997[1]\n",
    "Aposentadoria\n": "13 de março de 2009 (dia do falecimento)\n"
}