{
    "Nome\n": "Arena do Grêmio\n",
    "Local\n": "Farrapos, Porto Alegre, Rio Grande do Sul, Brasil[2]\n",
    "Gramado\n": "Grama natural (105 x 68 m)\n",
    "Capacidade\n": "55.662 espectadores[3]\n",
    "Data\n": "8 de dezembro de 2012 (12 anos)\n",
    "Custo\n": "R$ 469 milhões[4]\n",
    "Partida inaugural\n": "Grêmio 2–1 Hamburgo\n",
    "Primeiro gol\n": "André Lima (Grêmio)\n",
    "Público recorde\n": "55.337 pessoas\n",
    "Data recorde\n": "7 de dezembro de 2016\n",
    "Partida com mais público\n": "Grêmio 1–1 Atlético MineiroFinal da Copa do Brasil de 2016\n",
    "Proprietário\n": "Grêmio\n",
    "Administrador\n": "Consórcio Arena Porto-Alegrense\n",
    "Arquiteto\n": "António Monteiro e Pedro Santos\n",
    "Mandante\n": "Grêmio Foot-Ball Porto Alegrense\n"
}