{
    "Nascimento\n": "14 de abril de 1990Sondrio\n",
    "Cidadania\n": "Itália\n",
    "Estatura\n": "164 cm\n",
    "Cônjuge\n": "Anthony Lobello, Jr.\n",
    "Ocupação\n": "patinador de velocidade sobre pista curta\n",
    "Distinções\n": ".mw-parser-output .plainlist ol,.mw-parser-output .plainlist ul{line-height:inherit;list-style:none;margin:0;padding:0}.mw-parser-output .plainlist ol li,.mw-parser-output .plainlist ul li{margin-bottom:0}Cavaleiro da Ordem do Mérito da República Italiana (2006)\n"
}