{
    "País\n": "Brasil\n",
    "Dioceses sufragâneas\n": "BagéRio Grande\n",
    "Área\n": "20 737 km²\n",
    "Rito\n": "Romano\n",
    "Criação da diocese\n": "15 de agostode1910(114 anos)\n",
    "Elevação a arquidiocese\n": "13 de abrilde2011(13 anos)\n",
    "Padroeiro\n": "São Francisco de Paula\n",
    "Arcebispo\n": "Jacinto Bergmann\n",
    "Bispo auxiliar emérito\n": "Jayme Henrique Chemello\n",
    "Jurisdição\n": "Arquidiocese Metropolitana(Regional Sul 3)\n",
    "Página oficial\n": "https://www.arquidiocesedepelotas.org/\n"
}