{
    "Nascimento\n": "24 de maio de 1957 (67 anos)Havre de Grace,Maryland\n",
    "Residência\n": "Fort Worth\n",
    "Nacionalidade\n": "Estadunidense\n",
    "Cidadania\n": "Estados Unidos\n",
    "Alma mater\n": "Instituto de Tecnologia da CalifórniaUniversidade da Califórnia em Santa Cruz\n",
    "Ocupação\n": "astrônomo, astrofísico\n",
    "Empregador(a)\n": "Universidade de Jena, Observatório McDonald\n",
    "Campo(s)\n": "Astronomia\n",
    "Obras destacadas\n": "list of exoplanet discoverers\n"
}