{
    "Nome completo\n": "Arturio Francesco Merzario\n",
    "Nacionalidade\n": " italiano\n",
    "Nascimento\n": "11 de março de 1943 (82 anos)Chiavenna, Lombardia, Itália\n",
    "Temporadas\n": "1972-1979\n",
    "Equipes\n": "Ferrari, Williams, Fittipaldi, March, Shadow, Wolf e Merzario\n",
    "GPs disputados\n": "95 (57 largadas)\n",
    "Títulos\n": "0 (12º em 1973)\n",
    "Pontos\n": "11\n",
    "Primeiro GP\n": "GP da Grã-Bretanha de 1972\n",
    "Último GP\n": "GP dos Estados Unidos de 1979 (não se qualificou)\n"
}