{
    "Nascimento\n": "12 de julho de 1394\n",
    "Morte\n": "12 de julho de 1441Quioto\n",
    "Sepultamento\n": "Jūnen-ji\n",
    "Cidadania\n": "Japão\n",
    "Progenitores\n": ".mw-parser-output .plainlist ol,.mw-parser-output .plainlist ul{line-height:inherit;list-style:none;margin:0;padding:0}.mw-parser-output .plainlist ol li,.mw-parser-output .plainlist ul li{margin-bottom:0}Ashikaga YoshimitsuFujiwara no Yoshiko\n",
    "Cônjuge\n": "Hino Muneko, Hino Shigeko, Ōgimachisanjō Tadako\n",
    "Filho(a)(s)\n": "Ashikaga Yoshikatsu, Ashikaga Yoshimasa, Ashikaga Yoshimi, Ashikaga Masatomo\n",
    "Irmão(ã)(s)\n": "Daijiin Seishō\n",
    "Ocupação\n": "samurai\n",
    "Religião\n": "budismo\n",
    "Causa da morte\n": "Magnicídio\n"
}