{
    "Local\n": "Teatro Ford, Washington, DC , EUA\n",
    "Data\n": "14 de abril de 1865 (159 anos)\n",
    "Tipo de ataque\n": "Assassinato político, tiroteio e esfaqueamento\n",
    "Alvo(s)\n": "Abraham LincolnAndrew JohnsonWilliam H. Seward\n",
    "Mortes\n": "Abraham Lincoln\n",
    "Feridos\n": "John Wilkes Booth (perpetrador)Henry RathboneJoseph \"Peanuts\" BurroughsWilliam H. SewardFrederick SewardAugustus SewardFanny SewardGeorge F. RobinsonEmerick Hansell\n",
    "Responsável(is)\n": "John Wilkes Booth e co-conspiradores\n",
    "Motivo\n": "Vingança para os Estados Confederados\n"
}