{
    "Período\n": "4 de abril de 1952a 3 de fevereiro de 1955\n",
    "Nomeação por\n": "Juscelino Kubitschek\n",
    "Antecessor(a)\n": "Vergniaud Wanderley\n",
    "Sucessor(a)\n": "Argemiro de Figueiredo\n",
    "Nome completo\n": "Francisco de Assis Chateaubriand Bandeira de Mello\n",
    "Nascimento\n": "4 de outubro de 1892 Umbuzeiro, Paraíba\n",
    "Morte\n": "4 de abrilde1968(75 anos) São Paulo, São Paulo\n",
    "Nacionalidade\n": "brasileiro\n",
    "Alma mater\n": "Faculdade de Direito do Recife\n",
    "Filhos(as)\n": "3, incluindo Gilberto Chateaubriand\n",
    "Ocupação\n": "Advogado, Dono de mídia, Empresário, Escritor, Jornalista, Mecenas, Político, Professor universitário\n",
    "Assinatura\n": "\n"
}