{
    "Nome\n": "Associação Carlos Barbosa de Futsal\n",
    "Alcunhas\n": "Laranja Mecânica\n",
    "Mascote\n": "Laranjinha (tigre)\n",
    "Adepto\n": "laranja  barbosense\n",
    "Principal rival\n": "Atlântico  Assoeva  Jaraguá\n",
    "Cidade\n": "Carlos Barbosa, Rio Grande do Sul\n",
    "Competição\n": "Liga Nacional de Futsal  Liga Sul de Futsal  Campeonato Gaúcho\n",
    "Fundação\n": "1 de março de 1976 (49 anos)\n",
    "Pavilhão\n": "Sérgio Luiz Guerra(capacidade: 4.000 pessoas)\n",
    "Presidente\n": "Bolívar Zuanazzi\n",
    "Treinador\n": "André Bié\n",
    "Material\n": "Joma\n",
    "Patrocinador\n": "Tramontina\n",
    "\nPrincipalAlternativo": "\nPrincipal\n",
    "\nPrincipal\n": "\nAlternativo\n"
}