{
    "Tipo / Missão\n": "Avião comercial\n",
    "País de origem\n": " França Itália\n",
    "Fabricante\n": "ATR\n",
    "Período de produção\n": "1988–presente\n",
    "Quantidade produzida\n": "910 até 16 de maio de 2017\n",
    "Primeiro voo em\n": "27 de outubro de 1988 (36 anos)\n",
    "Introduzido em\n": "27 de outubro de 1989 com a Finnair\n",
    "Passageiros\n": "Até 74\n",
    "Carga útil\n": "7 500 kg (16 500 lb)\n",
    "Comprimento\n": "27,17 m (89,1 ft)\n",
    "Envergadura\n": "27,05 m (88,7 ft)\n",
    "Altura\n": "7,65 m (25,1 ft)\n",
    "Área das asas\n": "61 m² (657 ft²)\n",
    "Alongamento\n": "12\n",
    "Peso vazio\n": "13 010 kg (28 700 lb)\n",
    "Peso máx. de decolagem\n": "22 800 kg (50 300 lb)\n",
    "Motor(es)\n": "2x turboélices Pratt & Whitney Canada PW127F\n",
    "Potência (por motor)\n": "2 475 hp (1 850 kW)\n",
    "Velocidade máxima\n": "511 km/h (276 kn)\n",
    "Alcance (MTOW)\n": "1 528 km (949 mi)\n",
    "Teto máximo\n": "7 620 m (25 000 ft)\n",
    "Razão de subida\n": "6,88 m/s\n"
}