{
    "Nascimento\n": "11 de março de 1780Eichwerder\n",
    "Morte\n": "6 de outubrode1855(75 anos)Berlim\n",
    "Sepultamento\n": "Dorfkirche Schöneberg\n",
    "Nacionalidade\n": "alemão\n",
    "Cidadania\n": "Reino da Prússia\n",
    "Alma mater\n": ".mw-parser-output .plainlist ol,.mw-parser-output .plainlist ul{line-height:inherit;list-style:none;margin:0;padding:0}.mw-parser-output .plainlist ol li,.mw-parser-output .plainlist ul li{margin-bottom:0}Universidade de Heidelberg\n",
    "Ocupação\n": "matemática\n",
    "Empregador(a)\n": "Royal Prussian Ministry of the Interior, Prussian Ministry of Spiritual, Educational and Medical Affairs\n",
    "Obras destacadas\n": "Journal für die reine und angewandte Mathematik\n"
}