{
    "Período\n": "18 de novembro de 2011à atualidade\n",
    "Antecessor(a)\n": "Aung Shwe\n",
    "Sucessor(a)\n": "Sai Hla Kyaw\n",
    "Nome completo\n": "အောင်ဆန်းစုကြည်\n",
    "Nascimento\n": "19 de junho de 1945 (79 anos) Yangon, Myanmar\n",
    "Nacionalidade\n": "birmanesa\n",
    "Alma mater\n": "Universidade de Deli Universidade de Oxford Universidade de Londres\n",
    "Prêmio(s)\n": "Nobel da Paz (1991)\n",
    "Partido\n": "LND\n",
    "Religião\n": "Budismo Teravada\n",
    "Ocupação\n": "ativista política\n",
    "Assinatura\n": "\n"
}