{
    "Nome completo\n": "Daniel Healy Solwold, Jr.[1]\n",
    "Nascimento\n": "15  de abril de 1978 (46 anos)[1]Milwaukee, Wisconsin[1]\n",
    "Residência\n": "Largo, Flórida\n",
    "Nome(s)de ringue\n": "Austin Aries[1](The) Austin Starr[2]Dan Sexon[1]The Ninja[2]Suicide\n",
    "Alturaanunciada\n": "1,75 m[3]\n",
    "Pesoanunciado\n": "95 kg[3]\n",
    "Anunciadode\n": "Milwaukee, Wisconsin[3]Savage,Minnesota[4]TV Land\n",
    "Treinadopor\n": "Eddie Sharkey[1]Terry Fox[1]\n",
    "Estreia\n": "11 de novembro de 2000[2]\n"
}