{
    "Federação desportiva mais alta\n": "FIBA\n",
    "Jogado pela primeira vez\n": "21 de dezembro de 1891; há 133 anos. Springfield, Massachusetts, EUA\n",
    "Contacto\n": "limitado\n",
    "Membros de equipa\n": "5 por lado\n",
    "Género misto\n": "não, competições separadas\n",
    "Tipo\n": "interno/externo\n",
    "Equipamento\n": "bola de basquete\n",
    "Local\n": "quadra interior (principalmente) ou quadra exterior\n",
    "País ou região\n": "todo o mundo\n",
    "Olímpico\n": "sim, demonstrado nas Olimpíadas de Verão de 1904 e 1924parte do programa das Olimpíadas de Verão desde 1936\n",
    "Paralímpico\n": "sim\n"
}