{
    "Reinado\n": "c. novembro de 751 a 24 de setembro de 768\n",
    "Consorte de\n": "Pepino, o Breve\n",
    "Nascimento\n": "Laon, Aisne, França\n",
    "Morte\n": "12 de julho de 783Choisy-au-Bac, Oise, França\n",
    "Sepultado em\n": "Basílica de Saint-Denis, Paris, França\n",
    "Casa\n": "Carolíngia\n",
    "Dinastia\n": "Merovíngia (por nascimento)  Carolíngia (por casamento)\n",
    "Pai\n": "Cariberto de Laon\n",
    "Filho(s)\n": "Carlos MagnoCarlomano IPepinoChrothais\n",
    "Filha(s)\n": "Gisela, abadessa de ChellesAdelaide\n"
}