{
    "Tipo\n": "biblioteca pública estadual, United Nations Depository Library, biblioteca nacional\n",
    "Designação do patrimônio\n": "Herança nacional italiana\n",
    "Inauguração\n": "1747 (278 anos)\n",
    "Parte de\n": "Italian National Libraries\n",
    "Membro de\n": "Polo biblioteca nazionale centrale di Firenze, National Collective Archive of Periodicals, Conference of European National Librarians\n",
    "Acervo\n": "13 500 000, 789 053, 10 500 000, 10 515 000, 15 000 000, 792 923, 8 999 667 volume, 4 089\n",
    "Área\n": "39 124 metro quadrado, 2 608 metro quadrado\n",
    "Visitantes anuais\n": "200 000, 55 767, 35 658\n",
    "Coordenadas\n": "43° 46' 1.493\" N11° 15' 44.452\" E\n",
    "Localização\n": "Florença\n",
    "País\n": "Itália\n"
}