{
    "Nome completo\n": "Bob Kelly Abreu\n",
    "Apelido\n": "El Comedulce\n",
    "Posição\n": "Campista direito\n",
    "\nRebate:EsquerdoLança:Direito\n": "Rebate: Esquerdo\n",
    "Rebate: Esquerdo\n": "Lança: Direito\n",
    "Clube atual\n": "New York Yankees\n",
    "Número\n": "53\n",
    "1996-971998-20062006-20082009-201120122014": "Houston AstrosPhiladelphia PhilliesNew York YankeesLos Angeles AngelsLos Angeles DodgersNew York Mets\n",
    "Altura\n": "1,83 m\n",
    "Peso\n": "95 kg\n"
}