{
    "Nascimento\n": "11 de março de 1745Shwebo\n",
    "Morte\n": "5 de junho de 1819Amarapura\n",
    "Cidadania\n": "Myanmar\n",
    "Progenitores\n": ".mw-parser-output .plainlist ol,.mw-parser-output .plainlist ul{line-height:inherit;list-style:none;margin:0;padding:0}.mw-parser-output .plainlist ol li,.mw-parser-output .plainlist ul li{margin-bottom:0}AlaungpayaYun San\n",
    "Filho(a)(s)\n": "Thado Minsaw\n",
    "Irmão(ã)(s)\n": "Naungdawgyi, Hsinbyushin\n",
    "Ocupação\n": "monarca\n",
    "Religião\n": "Teravada\n"
}