{
    "Nome completo\n": "Jon Huber\n",
    "Nascimento\n": "16 de dezembro de 1979[1]Rochester, Nova Iorque\n",
    "Morte\n": "26 de dezembro de 2020 (41 anos)[2]Jacksonville, Flórida\n",
    "Nome(s)de ringue\n": "Brodie Lee[3]Huberboy #2[3]Jon Huber[4]Luke Harper[5]\n",
    "Alturaanunciada\n": "6 ft 5 in (1,96 m)[1]\n",
    "Pesoanunciado\n": "275 lb (125 kg)[6]\n",
    "Anunciadode\n": "Lincoln, Nebraska[7]Buffalo, Nova Iorque[8]Rochester, Nova Iorque[1]Butte, Montana[1][9]\n",
    "Treinadopor\n": "Kirby Marcos[10]Rik Matrix[10]Tony Mamaluke[10]\n",
    "Estreia\n": "7 de outubro de 2003\n",
    "Aposentadoria\n": "26 de dezembro 2020 (morte)\n"
}