{
    "Organização\n": "Federação Gaúcha de Futebol\n",
    "Edições\n": "105 desde 1919 (106 anos)\n",
    "Local de disputa\n": "Rio Grande do Sul,Brasil\n",
    "Número de equipes\n": "12\n",
    "Sistema\n": "Temporada, Misto (turno classificatório)\n",
    "\nDados históricosPrimeiro vencedorBrasil de Pelotas(1919- De Fato)Último vencedorInternacional(2025)Maior vencedorInternacional(46 títulos)\n": "Primeiro vencedor\n",
    "Primeiro vencedor\n": " Brasil de Pelotas (1919 - De Fato)\n",
    "Último vencedor\n": " Internacional (2025)\n",
    "Maior vencedor\n": " Internacional (46 títulos)\n",
    "\nAscensão e descensoPromove paraCampeonato Brasileiro - Série DCopa do BrasilRecopa GaúchaRebaixa paraCampeonato Gaúcho - Série A2\n": "Promove para\n",
    "Promove para\n": "Campeonato Brasileiro - Série DCopa do BrasilRecopa Gaúcha\n",
    "Rebaixa para\n": "Campeonato Gaúcho - Série A2\n"
}