{
    "Nome completo\n": "Candice LeRae Dawson\n",
    "Nascimento\n": "29  de setembro de 1985 (39 anos) Riverside, Califórnia\n",
    "Cônjuge(s)\n": "Johnny Gargano(c.2016)\n",
    "Filho(s)\n": "1\n",
    "Nome(s)de ringue\n": "Candice LeRaeCandice WrestlingRobyn\n",
    "Alturaanunciada\n": "5 ft 2 in (1,57 m)\n",
    "Pesoanunciado\n": "110 lb (49,9 kg)\n",
    "Anunciadode\n": "Anaheim,CalifórniaRiverside, CalifórniaWinnipeg, Manitoba, CanadáO Passeio Selvagem do Sr. Sapo\n",
    "Treinadopor\n": "Bill AndersonJesse HernandezT. J. PerkinsWWE Performance Center\n",
    "Estreia\n": "2002\n"
}