{
    "Nascimento\n": "9 de julho de 1878Oliveira,Minas Gerais\n",
    "Morte\n": "8 de novembrode1934(55 anos)Rio de Janeiro,Distrito Federal\n",
    "Nacionalidade\n": "brasileiro\n",
    "Cidadania\n": "Brasil\n",
    "Filho(a)(s)\n": "Carlos Chagas Filho, Evandro Chagas\n",
    "Alma mater\n": "Faculdade de Medicina do Rio de Janeiro, Universidade Federal do Rio de Janeiro\n",
    "Ocupação\n": "bacteriologista, médico, entomologista, acadêmico, scientific collector\n",
    "Distinções\n": "Ordem Nacional da Legião de HonraOrdem da Coroacavaleiro da Ordem da Coroa da ItáliaOrdem Militar de Sant'Iago da EspadaOrdem de Carlos IIIOrdem de Isabel a Católicadoutor honoris causa da Universidade de Paris (1926)honorary doctorate of the Université de Clermont-Ferrand (1967)\n",
    "Instituições\n": "Instituto Oswaldo Cruz\n",
    "Campo(s)\n": "biologia, medicina, saúde pública, bacteriologia\n",
    "Causa da morte\n": "infarto\n"
}