{
    "Período\n": "15 de março de 1974a 15 de março de 1985\n",
    "Antecessor(a)\n": "Gustavo Krause\n",
    "Sucessor(a)\n": "ele mesmo[a]\n",
    "Governador\n": "Miguel Arraes\n",
    "Nome completo\n": "Carlos Wilson Rocha de Queirós Campos\n",
    "Nascimento\n": "11 de março de 1950 Recife, PE\n",
    "Morte\n": "11 de abrilde2009(59 anos) Recife, PE\n",
    "Nacionalidade\n": "brasileiro\n",
    "Prêmio(s)\n": "\nOrdem do Mérito Militar[1]Ordem do Infante D. Henrique[2]\n",
    "Partido\n": "ListaARENA(1974–1979)PMDB(1980–1988)PSDB(1988–1999)PPS(1999–2001)PTB(2001–2003) PT (2003–2009)\n",
    "Profissão\n": "político\n"
}