{
    "Reinado\n": "12 de julho de 1543a 28 de janeiro de 1547\n",
    "Predecessora\n": "Catarina Howard\n",
    "Sucessor\n": "Felipe II\n",
    "Nascimento\n": "1512Blackfriars, Londres, Inglaterra\n",
    "Morte\n": "5 de setembrode1548(36 anos)Castelo de Sudeley, Winchcombe, Gloucestershire, Inglaterra\n",
    "Sepultado em\n": "Capela de Santa Maria, Castelo de Sudeley, Gloucestershire, Inglaterra\n",
    "Maridos\n": "Eduardo BurghJoão Neville, 3.º Barão LatimerHenrique VIII de InglaterraTomás Seymour, 1.º Barão Seymour de Sudeley\n",
    "Descendência\n": "Maria Seymour\n",
    "Casa\n": "Tudor (por casamento)\n",
    "Pai\n": "Tomás Parr\n",
    "Mãe\n": "Maud Green\n",
    "Religião\n": "Protestantismo(anteriormenteCatolicismo)\n",
    "Assinatura\n": "\n",
    "Brasão\n": "\n"
}