{
    "Nome completo\n": "Charles Betts\n",
    "Nascimento\n": "8 de março de 1986 (39 anos)[1]Minneapolis, Minnesota[1]\n",
    "Residência\n": "Orlando, Flórida\n",
    "Nome(s)de ringue\n": "Chad GableShorty G\n",
    "Alturaanunciada\n": "5 ft 8 in (1,73 m)[2]\n",
    "Pesoanunciado\n": "202 lb (92 kg)[2]\n",
    "Anunciadode\n": "Minneapolis, Minnesota[2]\n",
    "Treinadopor\n": "Gregg Greeno[3]Dan Chandler[4]WWE Performance Center\n",
    "Estreia\n": "5 de setembro de 2014[5]\n"
}