{
    "Nome completo\n": "Ashley Elizabeth Fliehr[1]\n",
    "Nascimento\n": "5 de abril de 1986 (39 anos)Charlotte, Carolina do Norte, Estados Unidos\n",
    "Cônjuge(s)\n": "Riki Johnson (c.2010;div.2012)[2]Bram(c.2013;div.2015)Andrade El Idolo(c.2022)\n",
    "Família\n": "Ric Flair (pai)Elizabeth Harrell (mãe)Reid Flair (irmão)David Flair (meio-irmão)Conrad Thompson (cunhado)\n",
    "Nome(s)de ringue\n": "Ashley FlairCharlotteCharlotte Flair\n",
    "Alturaanunciada\n": "5 ft 10 in (1,78 m)[3]\n",
    "Anunciadode\n": "The Queen City[3]\n",
    "Treinadopor\n": "LodiSara Del ReyRic Flair\n",
    "Estreia\n": "17 de julho de 2012\n"
}