{
    "Nome completo\n": "Chelsea Anne Green[1]\n",
    "Nascimento\n": "4 de abril de 1991 (34 anos)Victoria, Colúmbia Britânica, Canadá[1][2]\n",
    "Cônjuge(s)\n": "Matt Cardona(c.2021)\n",
    "Nome(s)de ringue\n": "Chelsea[1][2]Chelsea Green[1][2]JaidaLaurel Van Ness[1][2]Megan Miller[3]Reklusa[1][2]\n",
    "Alturaanunciada\n": "5 ft 7 in (1,70 m)\n",
    "Pesoanunciado\n": "125 lb (57 kg)\n",
    "Anunciadode\n": "Vitória, Colúmbia Britânica, Canadá\n",
    "Treinadopor\n": "Lance Storm[1]WWE Performance Center\n",
    "Estreia\n": "31 de maio de 2014[1][2]\n"
}