{
    "Nome completo\n": "Chou Tzu-yu\n",
    "Pseudônimo(s)\n": "Tzuyu, Chou Tzuyu\n",
    "Outros nomes\n": "Zhou Zi-yu\n",
    "Nascimento\n": "14 de junho de 1999 (25 anos)Distrito Leste, Tainan, Taiwan\n",
    "Nacionalidade\n": "Taiwan\n",
    "Fortuna\n": "US$ 2 milhões\n",
    "Progenitores\n": "Mãe: Huang Yen-ling\n",
    "Educação\n": ".mw-parser-output .plainlist ol,.mw-parser-output .plainlist ul{line-height:inherit;list-style:none;margin:0;padding:0}.mw-parser-output .plainlist ol li,.mw-parser-output .plainlist ul li{margin-bottom:0}Hanlim Multi Art SchoolTainan Municipal Fusing Junior High\n",
    "Período de atividade\n": "2015–presente\n",
    "Gênero(s)\n": "K-popJ-pop\n",
    "Extensão vocal\n": "Soprano lírico\n",
    "Gravadora(s)\n": "JYP EntertainmentWarner Music Group\n",
    "Afiliações\n": "ListaTwiceJYP Nation\n"
}