{
    "Nome completo\n": "Christopher J. Parks[1]\n",
    "Nascimento\n": "4 de outubro de 1975 (49 anos)[2]Washington, D.C.[1]\n",
    "Residência\n": "Cleveland, Ohio[3]\n",
    "Nome(s)de ringue\n": "Abismo[2]Abyss[2]Chris Justice[1][2]Chris Park[4]Cleage[2]Joseph Park[5][6]Justice[2]King Justice[7]The Original Terminator[1][2]Prince Justice[1][2]\n",
    "Alturaanunciada\n": "2,03 m[8]\n",
    "Pesoanunciado\n": "160 kg[1][8]\n",
    "Anunciadode\n": "Lugar desconhecido[8](Como Abyss)Chicago, Illinois (Como Joseph Park)[9]\n",
    "Treinadopor\n": "Roger Ruffen[1]\n",
    "Estreia\n": "Janeiro de 1995[3]\n"
}