{
    "Nascimento\n": "24 de dezembro de 1979 (45 anos)[1]Dayton, Ohio[2] Estados Unidos\n",
    "Residência\n": "Asgard\n",
    "Nome(s)de ringue\n": "Chris Hero[2][3]Chris Hyde[4]Kassius Ohno[1]Wife Beater[2]\n",
    "Alturaanunciada\n": "1.93 m[1]\n",
    "Pesoanunciado\n": "122 kg[1]\n",
    "Anunciadode\n": "Metrópolis[2][3]Dayton, Ohio[1]\n",
    "Treinadopor\n": "Dory Funk, Jr.[3]Ian Rotten[3]Les Thatcher[3]Tracy Smothers[3]David Taylor[3]Dave Finlay[3]William Regal[3]Skayde[3]Johnny Saint[3]Dojo da Pro Wrestling NOAH[3][5]Marshall Kauffman (Boxe)[5]\n",
    "Estreia\n": "22 de setembro de 1998[2][6]\n"
}