{
    "Nome completo\n": "Joan Marie Laurer\n",
    "Nascimento\n": "27 de dezembro de 1969[1]Rochester, Nova Iorque, Estados Unidos\n",
    "Morte\n": "20 de abrilde2016(46 anos)Redondo Beach, Califórnia, Estados Unidos\n",
    "Residência\n": "Londonderry, Nova Hampshire[2]\n",
    "Nome(s)de ringue\n": "Chyna[3]Chyna Doll[3]Joanie Laurer[3]Joanie Lee[3]Just Joanie[3]\n",
    "Alturaanunciada\n": "5 ft 10 in (1,78 m)[4][5]\n",
    "Pesoanunciado\n": "180 lb (82 kg)[6]\n",
    "Treinadopor\n": "Killer Kowalski\n",
    "Estreia\n": "1995[3][7]\n",
    "Aposentadoria\n": "2011\n"
}