{
    "Nome\n": "Clube Esportivo e Recreativo Atlântico\n",
    "Alcunhas\n": "Galo de Erechim\n",
    "Mascote\n": "Galo\n",
    "Adepto\n": "erechinense\n",
    "Principal rival\n": "Carlos BarbosaYpiranga\n",
    "Cidade\n": "Erechim, Rio Grande do Sul\n",
    "Competição\n": "Liga Nacional de Futsal  Liga Sul de Futsal  Campeonato Gaúcho\n",
    "Fundação\n": "20 de setembro de 1915 (109 anos)\n",
    "Pavilhão\n": "Caldeirão do Galo(capacidade: 3.000 pessoas)\n",
    "Presidente\n": "Elton José Dalla Vecchia\n",
    "Treinador\n": "Paulinho Sananduva\n",
    "Material\n": "Clanel\n",
    "\nPrincipalAlternativoTerciário": "\nPrincipal\n",
    "\nPrincipal\n": "\nAlternativo\n"
}