{
    "Nome completo\n": "Cody Garrett Runnels[1]\n",
    "Nascimento\n": "30 de junhode1985(39 anos)[1]Charlotte, Carolina do Norte[2]\n",
    "Residência\n": "Lutz, Flórida\n",
    "Cônjuge(s)\n": "Brandi Rhodes(c.2013)\n",
    "Filho(s)\n": "1\n",
    "Família\n": "Dusty Rhodes (pai)Dustin Rhodes (meio-irmão)Magnum T.A. (Avô)Fred Ottman (tio)Jerry Sags (tio)\n",
    "Nome(s)de ringue\n": "CodyCody RCody Rhodes[2]Fuego 2Stardust[2]\n",
    "Alturaanunciada\n": "6 ft 2 in (1,88 m)[3]\n",
    "Pesoanunciado\n": "220 lb (100 kg)[3]\n",
    "Anunciadode\n": "Atlanta,Geórgia, U.S.Charlotte, Carolina do Norte, U.S.\"A Quinta Dimensão\"Marietta, Geórgia, U.S.'[3]\n",
    "Treinadopor\n": "Al Snow[2]Danny DavisDusty Rhodes[2]Randy OrtonRicky MortonShawn Spears\n",
    "Estreia\n": "16 de junho de 2006[2]\n"
}