{
    "Reinado\n": "8 de setembro de 1024a 4 de junho de 1039\n",
    "Antecessor(a)\n": "Rodolfo III\n",
    "Sucessor(a)\n": "Henrique III\n",
    "Coroação\n": "8 de setembro de 1024\n",
    "Predecessor(a)\n": "Henrique II\n",
    "Nascimento\n": "990Speyer, Baixa Lorena, Sacro Império Romano-Germânico\n",
    "Morte\n": "4 de junhode1039(49 anos)Utrecht, Germânia, Sacro Império Romano-Germânico\n",
    "Sepultado em\n": "Catedral de Speyer, Speyer, Alemanha\n",
    "Esposa\n": "Gisela da Suábia\n",
    "Descendência\n": "Henrique III, Imperador Romano-GermânicoMatilde da Francônia\n",
    "Dinastia\n": "Saliana\n",
    "Pai\n": "Henrique, Conde de Speyer\n",
    "Mãe\n": "Adelaide da Alsácia\n",
    "Religião\n": "Catolicismo\n"
}