{
    "Nome completo\n": "Matthew Polinsky[1]\n",
    "Nascimento\n": "24 de fevereiro de 1984 (41 anos)[1]Pittsburgh,Pensilvânia[1]\n",
    "Nome(s)de ringue\n": "Corey Graves[2]Sterling James Keenan[1]Mr. Irrelevant[1]\n",
    "Alturaanunciada\n": "6 ft 1 in (1,85 m)[3]\n",
    "Pesoanunciado\n": "208 lb (94 kg)[3]\n",
    "Anunciadode\n": "Sunset Strip[1]Iron City, Pensilvânia[4]Pittsburgh, Pensilvânia[3]\n",
    "Treinadopor\n": "Boomer Payne[1]Dory Funk Jr.[1]Mad Mike[1]\n",
    "Estreia\n": "2000[1]\n",
    "Aposentadoria\n": "2014\n"
}