{
    "País\n": "Brasil\n",
    "Estado\n": " Rio Grande do Sul\n",
    "Corporação\n": "Bombeiro Militar\n",
    "Subordinação\n": "Secretaria Estadual da Segurança Pública\n",
    "Sigla\n": "CBMRS\n",
    "Criação\n": "1895 (130 anos)\n",
    "Aniversários\n": "1 de março\n",
    "Patrono\n": "Coronel Ângelo Eufrásio Correa\n",
    "Marcha\n": "Hino do CBMRS\n",
    "Lema\n": "Salvar e proteger.\n",
    "Cores\n": "Vermelho e Marinho\n",
    "Mascote\n": "Quentuxinho\n",
    "Efetivo\n": "c.3 090 militares (2022)[1]\n",
    "Comandante\n": "Cel QOEM Eduardo Estêvam Camargo Rodrigues\n",
    "Comando-Geral\n": "Porto Alegre\n",
    "Página oficial\n": "www.bombeiros.rs.gov.br\n"
}