{
    "Sinónimos\n": "Doença respiratória aguda por 2019-nCoV\n",
    "Especialidade\n": "Infectologia\n",
    "Sintomas\n": "Febre, tosse, falta de ar[1][2]\n",
    "Complicações\n": "Pneumonia, SDRA, sepse, choque séptico, morte\n",
    "Início habitual\n": "2–14 dias após exposição ao vírus[1]\n",
    "Causas\n": "SARS-CoV-2\n",
    "Fatores de risco\n": "Idade avançada, doenças crónicas graves como doenças cardiovasculares, diabetes ou doenças pulmonares[3]\n",
    "Método de diagnóstico\n": "Exame PCR[4]\n",
    "Prevenção\n": "\nLavar frequentemente as mãos com sabonete ousolução à base de álcool;tapar nariz e boca com o cotovelo ou lenço ao espirrar e tossir;evitar contato próximo com pessoas infetadas;usarmáscara cirúrgica;evitar sair de casa, se possível.[5][6]Vacinação contra Covid-19\n",
    "Tratamento\n": "Sintomático e de apoio\n",
    "Frequência\n": "777 593 567 casos confirmados desde dezembro de 2019[7][8]\n",
    "Mortes\n": "7 089 976 (0,90% dos casos confirmados)[9][8]\n",
    "CID-11\n": "RA01.0\n",
    "CID-10\n": "U07.1\n",
    "OMIM\n": "301051\n",
    "DiseasesDB\n": "60833\n",
    "MedlinePlus\n": "007768\n",
    "eMedicine\n": "2500114\n",
    "MeSH\n": "D000086382\n"
}