{
    "Promoção\n": "WWE\n",
    "Programa(s)\n": "RawSmackDown\n",
    "Data\n": "5 de novembro de 2022\n",
    "Cidade\n": " Riyadh, Arábia Saudita\n",
    "Local\n": "Mrsool Park\n",
    "\n←AnteriorHalloween HavocPróximo→Survivor Series WarGames\n": "← AnteriorHalloween Havoc\n",
    "← AnteriorHalloween Havoc\n": "Próximo →Survivor Series WarGames\n",
    "\n←AnteriorElimination ChamberPróximo→—\n": "← AnteriorElimination Chamber\n",
    "← AnteriorElimination Chamber\n": "Próximo →—\n",
    "\n←Anterior2021Próximo→—\n": "← Anterior2021\n",
    "← Anterior2021\n": "Próximo →—\n"
}