{
    "Nome completo\n": "Aaron Steven Haddad[1][2]\n",
    "Nascimento\n": "3 de agosto de 1982 (42 anos)Worcester, Massachusetts[3]\n",
    "Residência\n": "Detroit, Michigan[3]\n",
    "Nome(s)de ringue\n": "Aaron Stevens[3]Aron RexDamien Mizdow[4]Macho Mandow[5]Damien Sandow[6] Easter Bunny[7]Idol Stevens[3]\n",
    "Alturaanunciada\n": "6 ft 4 in (1,93 m)[6]\n",
    "Pesoanunciado\n": "247 lb (112 kg)[6]\n",
    "Anunciadode\n": "Reno, Nevada[3]North Oxford, Massachusetts[8]Palo Alto, Califórnia\n",
    "Treinadopor\n": "Chaotic Wrestling[3]Killer Kowalski[3]\n",
    "Estreia\n": "23 de junho de 2001[1]\n"
}