{
    "Nascimento\n": "David Allen Meltzer24 de outubro de 1959Nova Iorque\n",
    "Cidadania\n": "Estados Unidos\n",
    "Alma mater\n": ".mw-parser-output .plainlist ol,.mw-parser-output .plainlist ul{line-height:inherit;list-style:none;margin:0;padding:0}.mw-parser-output .plainlist ol li,.mw-parser-output .plainlist ul li{margin-bottom:0}Universidade Estadual de San JoseLeland High School\n",
    "Ocupação\n": "jornalista\n",
    "Distinções\n": "George Tragos/Lou Thesz Professional Wrestling Hall of Fame",
    "Empregador(a)\n": "Wrestling Observer Newsletter\n",
    "Obras destacadas\n": "Tributes: Remembering Some of the World's Greatest Wrestlers\n"
}