{
    "Nome completo\n": "David Michael Bautista Jr.\n",
    "Nascimento\n": "18 de janeirode1969(56 anos)[1]Arlington, Virgínia, EUA[2]\n",
    "Residência\n": "Tampa, Flórida\n",
    "Fortuna\n": " US$ 10 milhões (2014)[3]\n",
    "Cônjuge\n": "Glenda Bautista (1990-1998)Angie Bautista (1998-2006)Sarah Jade (2015-2019)\n",
    "Filho(a)(s)\n": "3\n",
    "Ocupação\n": "Lutador profissional, ator, lutador de MMA\n",
    "Período de atividade\n": "1999-2019 (Lutador profissional)2006-presente (Ator)2012 (Lutador de MMA)\n",
    "Nomes noringue\n": "BatistaDave BatistaDeacon Batista[2]Khan[2]Leviathan[2]\n",
    "Alturaanunciada\n": "6 ft 6 in (1,98 m)\n[4]\n",
    "Pesoanunciado\n": "290 lb (132 kg)[4]\n",
    "Anunciado de\n": "Washington, D.C.[4]\n",
    "Treinador\n": "Afa Anoa'i[5]Marrese Crump[2]Ohio Valley Wrestling\n",
    "Estreia\n": "17 de janeiro de 1999[5]\n",
    "Aposentadoria\n": "8 de abril de 2019[5]\n",
    "Assinatura\n": "\n"
}