{
    "Nascimento\n": "17 de dezembro de 1894São Francisco\n",
    "Morte\n": "14 de junho de 1979 (84 anos)Arcadia\n",
    "Sepultamento\n": "Forest Lawn Memorial Park\n",
    "Cidadania\n": "Estados Unidos\n",
    "Ocupação\n": "diretor de cinema, roteirista, produtor cinematográfico, ator, ator de cinema, diretor de televisão, realizador\n",
    "Distinções\n": ".mw-parser-output .plainlist ol,.mw-parser-output .plainlist ul{line-height:inherit;list-style:none;margin:0;padding:0}.mw-parser-output .plainlist ol li,.mw-parser-output .plainlist ul li{margin-bottom:0}estrela na calçada da fama de Hollywood (1960)\n"
}