{
    "Nascimento\n": "24 de fevereiro de 1944 (81 anos)Milwaukee\n",
    "Nacionalidade\n": "Estadunidense\n",
    "Cidadania\n": "Estados Unidos\n",
    "Alma mater\n": "Universidade Harvard, Universidade da Califórnia em Berkeley\n",
    "Ocupação\n": "físico, professor universitário, acadêmico\n",
    "Distinções\n": "Prêmio Davisson–Germer(1990), Prêmio Einstein de Ciência do Laser(1996), Prêmio Arthur L. Schawlow de Física do Laser(2001), Medalha Frederic Ives(2004), Medalha Nacional de Ciências(2007), Prêmio Herbert Walther(2009), Medalha Benjamin Franklin(2010), Nobel de Física(2012)\n",
    "Empregador(a)\n": "Instituto Nacional de Padrões e Tecnologia, Universidade do Colorado em Boulder, Universidade de Oregon, Universidade de Washington, Universidade Estadual do Colorado\n",
    "Orientador(a)(es/s)\n": "Norman Foster Ramsey\n",
    "Instituições\n": "National Institute of Standards and Technology, Universidade do Colorado em Boulder\n",
    "Campo(s)\n": "Física\n",
    "Tese\n": "The Atomic Deuterium Maser\n"
}