{
    "Nome completo\n": "Demi Gene Guynes[1][2][3]\n",
    "Pseudônimo(s)\n": "Demi Moore\n",
    "Outros nomes\n": ".mw-parser-output .plainlist ol,.mw-parser-output .plainlist ul{line-height:inherit;list-style:none;margin:0;padding:0}.mw-parser-output .plainlist ol li,.mw-parser-output .plainlist ul li{margin-bottom:0}Demi Gene MooreDemi Gene King\n",
    "Nascimento\n": "11 de novembro de 1962 (62 anos)Roswell, Novo México, Estados Unidos\n",
    "Residência\n": "Hailey, Blaine, Idaho, Estados Unidos\n",
    "Nacionalidade\n": "norte-americana\n",
    "Progenitores\n": "Mãe: Virginia KingPai: Charles Harmon\n",
    "Parentesco\n": "Daniel \"Danny\" Guynes(padrasto)",
    "Cônjuge\n": "Freddy Moore(c.1980;div.1985)Bruce Willis(c.1987;div.2000)Ashton Kutcher(c.2005;div.2011)",
    "Filho(a)(s)\n": "Rumer Willis, Scout LaRue Willis e Tallulah Belle Willis\n",
    "Educação\n": "Escola Preparatória FairfaxRedondo Union High School",
    "Ocupação\n": "AtrizProdutoraDiretoraModeloEscritora\n",
    "Prêmios\n": "Theatre World Award(1987)Critics' Choice AwardsdeMelhor Atriz em Cinema2025 —The SubstancePrêmios Globo de OurodeMelhor Atriz em Cinema — Comédia ou Musical2025 —The SubstancePrêmios Screen Actors GuilddeMelhor Atriz Principal2025 —The SubstancePrêmio Saturno de Melhor Atriz em cinema1991 —Ghost2025 —The Substance"
}