{
    "Nascimento\n": "14 de abril de 1744Moscovo,Rússia\n",
    "Morte\n": "12 de dezembro de 1792 (48 anos)São Petersburgo,Rússia\n",
    "Sepultamento\n": "Cemitério Lazarevskoe\n",
    "Nacionalidade\n": "russo\n",
    "Cidadania\n": "Império Russo\n",
    "Progenitores\n": ".mw-parser-output .plainlist ol,.mw-parser-output .plainlist ul{line-height:inherit;list-style:none;margin:0;padding:0}.mw-parser-output .plainlist ol li,.mw-parser-output .plainlist ul li{margin-bottom:0}Ivan A. FonvizinYekaterina Dmitriyeva-Mamonova\n",
    "Irmão(ã)(s)\n": "Pavel Fonvizin\n",
    "Alma mater\n": "Universidade Imperial de Moscou",
    "Ocupação\n": "linguista, escritor, dramaturga, poeta, tradutor\n",
    "Obras destacadas\n": "The Minor\n"
}