{
    "País\n": "Brasil\n",
    "Arquidiocese metropolitana\n": "Arquidiocese de Santa Maria\n",
    "População\n": "508.000 habitantes (2004)\n",
    "Área\n": "16.776 km²\n",
    "Rito\n": "Romano\n",
    "Criação\n": "22 de maio de 1961 (63 anos)\n",
    "Catedral\n": "Catedral Angelopolitana\n",
    "Padroeiro(a)\n": "Anjo da guarda\n",
    "Bispo\n": "Liro Vendelino Meurer\n",
    "Bispo emérito\n": "José Clemente Weber\n",
    "Jurisdição\n": "Diocese\n",
    "Página oficial\n": "https://www.diocesedesantoangelo.org/\n"
}