{
    "Nome completo\n": "Andrew McLean Galloway IV[1]\n",
    "Nascimento\n": "6 de junho de 1985 (39 anos)Ayr, Escócia[2]\n",
    "Residência\n": "Tampa, Flórida\n",
    "Cônjuge(s)\n": "Taryn Terrell(c.2010;div.2011)Kaitlyn Frohnapfel (c.2016)\n",
    "Nome(s)de ringue\n": "El Elegido[2] El Ven Báilalo[2]Drew Galloway[2]Drew McIntyre[3]\n",
    "Alturaanunciada\n": "6 ft 5 in (1,96 m)[4]\n",
    "Pesoanunciado\n": "265 lb (120 kg)[4]\n",
    "Anunciadode\n": "Ayr, Escócia[3][5]\n",
    "Treinadopor\n": "Colin[6]James Tighe[6]Justin RichardsMark Sloan[6]Spinner McKenzie[6]\n",
    "Estreia\n": "2001[7]\n"
}