{
    "Pseudônimo(s)\n": "The Rock\n",
    "Nascimento\n": "Dwayne Douglas Johnson2 de maio de 1972 (52 anos)Hayward, Califórnia, Estados Unidos\n",
    "Nacionalidade\n": "norte-americano\n",
    "Estatura\n": "1,96\n",
    "Progenitores\n": "Pai: Rocky Johnson\n",
    "Cônjuge\n": ".mw-parser-output .plainlist ol,.mw-parser-output .plainlist ul{line-height:inherit;list-style:none;margin:0;padding:0}.mw-parser-output .plainlist ol li,.mw-parser-output .plainlist ul li{margin-bottom:0}Dany Garcia(c.1997;div.2008)Lauren Hashian(c.2019)\n",
    "Filho(a)(s)\n": "Ava Raine\n",
    "Alma mater\n": "Universidade de Miami\n",
    "Ocupação\n": "atorprodutorlutador profissional\n",
    "Período de atividade\n": "1996–2004, 2011-2019(lutador profissional)1999–presente(ator)",
    "Principais trabalhos\n": "Filmografia\n",
    "Prêmios\n": "Lista de prêmios\n",
    "Nomes deringue\n": "Flex Kavana[1]Rocky Maivia[1]The Rock[1]\n",
    "Alturaanunciada\n": "6 ft 5 in (1,96 m)\n[2]\n",
    "Pesoanunciado\n": "260 lb (118 kg)[2]\n",
    "Anunciado de\n": "Miami, Flórida[2]Pacífico Sul\n",
    "Treinado por\n": "Pat Patterson[3]Rocky Johnson[4]Tom Prichard[5]",
    "Estreia\n": "1996[4]\n"
}