{
    "Moeda\n": "Real (R$, BRL)\n",
    "Ano fiscal\n": "Ano natural\n",
    "Blocos comerciais\n": "OMC, Mercosul, G-20, BRICS e outras\n",
    "PIB\n": ".mw-parser-output .plainlist ol,.mw-parser-output .plainlist ul{line-height:inherit;list-style:none;margin:0;padding:0}.mw-parser-output .plainlist ol li,.mw-parser-output .plainlist ul li{margin-bottom:0}R$ 10,9 trilhões (nominal, 2023)[1]US$ 2,127 trilhões (nominal, 2023)[2]US$ 2,720 trilhões (PPC, 2023)[3]\n",
    "Variação do PIB\n": " 2,9% (2023)[4]\n3,2% (2024)[5]2,5% (2025)[6]\n",
    "PIB per capita\n": "R$21.154,6 (2025)[7]\n",
    "PIB por setor\n": "agricultura: 5,7% indústria: 21,3% serviços: 73% (2024)[8]\n",
    "Inflação (IPC)\n": " 4,62% (2023)[9]\n",
    "Populaçãoabaixo da linha de pobreza\n": " 27,5% (2023)[10]\n",
    "Coeficiente de Gini\n": " 0.51 (2022)[11]\n",
    "Força de trabalho total\n": "99,470 milhões (est. 2021)[12]\n",
    "Força de trabalhopor ocupação\n": "agricultura: 8%, indústria: 22% e serviços: 70% (est. 2017)\n",
    "Desemprego\n": " 8,5% (novembro 2023)[13]\n",
    "Principais indústrias\n": "Aviões, aço, minério de ferro, carvão, máquinas, armamento, têxteis e vestuário, petróleo, cimento, produtos químicos, fertilizantes, produtos de consumo (incluindo calçados, brinquedos e eletrônicos), transformação de alimentos, equipamentos de transporte (incluindo automóveis, veículos ferroviários e locomotivas, navios e aeronaves); eletrônica; equipamento de telecomunicações, satélites, imóveis, turismo\n",
    "Exportações\n": "$308,8 bilhões (2022)[14]\n",
    "Produtos exportados\n": "aviões, minério de ferro, soja, calçados, automóveis, café, suco de laranja\n",
    "Principais parceiros de exportação\n": "China 30%   Estados Unidos 13%  Argentina 6%   Países Baixos 4,5%  Japão 3,5%  Alemanha 3,5%  outros 37%[15]\n",
    "Importações\n": "$250,8 bilhões (2022)[14]\n",
    "Produtos importados\n": "máquinas, equipamentos elétricos e de transporte, produtos químicos, petróleo, autopeças, eletrônicos\n",
    "Principais parceiros de importação\n": "China 22,1%   Estados Unidos 19,9%  Argentina 5,4%  Alemanha 4,5%   Coreia do Sul 3,5%  México 2,8%  outros 42,7%\n",
    "Dívida externa bruta\n": "$567,5 bilhões (2021)[16]\n",
    "Dívida pública\n": "76,6% do PIB  (est. 2022)\n",
    "Receitas\n": "$382.6 bilhões (2022)[17]\n",
    "Despesas\n": "$714,4 bilhões (2022)[17]\n",
    "Notação de crédito\n": "Standard&Poor's: BB-Fitch: BBMoody's: Ba2[18]\n",
    "Reservas cambiais\n": "$324,7 bilhões (2023)[19]\n"
}