{
    "Nome completo\n": "Johannes Erwin Eugen Rommel\n",
    "Apelido\n": "\"A Raposa do Deserto\"\n",
    "Nascimento\n": "15 de novembro de 1891Heidenheim, Württemberg, Alemanha\n",
    "Morte\n": "14 de outubrode1944(52 anos)Herrlingen, Württemberg, Alemanha\n",
    "Filho(a)(s)\n": "Manfred Rommel\n",
    "País\n": "Império AlemãoRepública de WeimarAlemanha Nazista\n",
    "Serviço\n": "Exército de WürttembergDefesa ImperialForça de Defesa\n",
    "Anos de serviço\n": "1911–1944\n",
    "Patente\n": "General-marechal de campo\n",
    "Conflitos\n": "Primeira Guerra MundialSegunda Guerra Mundial\n",
    "Condecorações\n": "Ordem Militar do MéritoCruz de FerroPor MéritoCruz de Cavaleiro da Cruz de Ferro\n"
}