{
    "Papa\n": "Francisco\n",
    "Arcebispo metropolita\n": "Dom Alberto Taveira Corrêa\n",
    "Congregação\n": "Congregação dos Missionários do Preciosíssimo Sangue\n",
    "Diocese\n": "Prelazia do Xingu\n",
    "Nomeação\n": "2 de setembro de 1981\n",
    "Predecessor\n": "Dom Eurico Kräutler, CPPS\n",
    "Sucessor\n": "Dom Frei João Muniz Alves, O.F.M.\n",
    "Mandato\n": "1981 - 2015\n",
    "Ordenação presbiteral\n": "3 de julho de 1965Salzburgo\n",
    "Nomeação episcopal\n": "7 de novembro de 1980\n",
    "Ordenação episcopal\n": "25 de janeiro de 1981Altamirapor Dom Carmine Rocco\n",
    "Lema episcopal\n": "SERVUS CHRISTI JESUServo de Cristo Jesus\n",
    "Brasão episcopal\n": "\n",
    "Nascimento\n": "Koblach12 de julho de 1939 (85 anos)\n",
    "Nacionalidade\n": "austríaco\nbrasileiro\n",
    "Funções exercidas\n": "- Bispo-coadjutor de Xingu (1980-1981)\n"
}