{
    "Nascimento\n": "16 de abril de 1964Västerås\n",
    "Morte\n": "14 de junho de 2008 (44 anos)Estocolmo\n",
    "Sepultamento\n": "Cemitério de Sandsborg\n",
    "Cidadania\n": "Suécia\n",
    "Alma mater\n": ".mw-parser-output .plainlist ol,.mw-parser-output .plainlist ul{line-height:inherit;list-style:none;margin:0;padding:0}.mw-parser-output .plainlist ol li,.mw-parser-output .plainlist ul li{margin-bottom:0}Colégio Real de Música em EstocolmoUniversidade de Estocolmo\n",
    "Ocupação\n": "jazz pianist, compositor\n",
    "Distinções\n": "Gyllene Skivan (2003)",
    "Instrumento\n": "piano\n",
    "Causa da morte\n": "afogamento, death from scuba diving\n"
}