{
    "País\n": " Estados Unidos\n",
    "Fundação\n": "7 de setembrode1979(45 anos)por Scott e Bill Rasmussen\n",
    "Proprietário\n": "Disney General Entertainment Content (80%)Hearst Corporation (20%)\n",
    "Presidente\n": "George Bodenheimer\n",
    "Slogan\n": "The Worldwide Leader in Sports\n",
    "Página oficial\n": "www.espn.com\n",
    "DirecTV\n": "Canal 206 (SD/HD)Canal 209-1 (feed alternativo)Canal 1206 (VOD)\n",
    "Dish Network\n": "Canal 140 (SD/HD)Canais 144, 145, 146 e 147 (feeds alternativos)\n",
    "Disponível em várias operadoras de cabo\n": "Veja a listagem local específica para canais\n",
    "AT&TU-verse\n": "Canal 602 (SD)Canal 1602 (HD)\n",
    "VerizonFios\n": "Canal 70 (SD)Canal 570 (HD)\n",
    "Google Fiber\n": "Canal 21\n",
    "ESPN app\n": "Simulcast(Apenas para assinantes dos Estados Unidos)\n",
    "AT&T TV\n": "IPTV\n",
    "Hulu\n": "IPTV\n",
    "YouTube TV\n": "IPTV\n"
}