{
    "Nome\n": "Estádio Governador Plácido Castelo\n",
    "Apelido\n": "Castelão, Gigante da Boa Vista, Arena Castelão\n",
    "Local\n": "Avenida Alberto Craveiro, 2901 - Fortaleza, Ceará, Brasil\n",
    "Gramado\n": "Grama natural (105 x 68 m)\n",
    "Capacidade\n": "60.342 espectadores (capacidade FIFA)63.903 espectadores (capacidade oficial a partir de 2013)[2][3]\n",
    "Data\n": "11 de novembro de 1973 e reinauguração em 23 de janeiro de 2013\n",
    "Partida inaugural\n": "Ceará 0–0 Fortaleza\n",
    "Primeiro gol\n": "Erandir Pereira (Ceará)\n",
    "Público recorde\n": "118.496 pessoas\n",
    "Data recorde\n": "27 de agosto de 1980\n",
    "Partida com mais público\n": " Brasil 1–0  Uruguai\n",
    "Remodelado\n": "2002 e 2012\n",
    "Expandido\n": "2012\n",
    "Competições\n": ".mw-parser-output .plainlist ol,.mw-parser-output .plainlist ul{line-height:inherit;list-style:none;margin:0;padding:0}.mw-parser-output .plainlist ol li,.mw-parser-output .plainlist ul li{margin-bottom:0}Copa das Confederações de 2013Copa do Mundo de 2014Eliminatórias da Copa do Mundo de 2026Copa Libertadores da AméricaCopa Sul-AmericanaCampeonato BrasileiroCopa do BrasilCopa do NordesteCampeonato Cearense\n",
    "Proprietário\n": "Governo do Estado do Ceará\n",
    "Arquiteto\n": "José Liberal de Castro, Gerhard Ernst Borman, Reginaldo Mendes Rangel, Marcílio Dias de Luna e Ivan da Silva Britto\n",
    "Mandante\n": "Ceará Sporting Club Ferroviário Atlético Clube Fortaleza Esporte Clube\n"
}