{
    "Reinado\n": "25 de julho de 1564 - 24 de janeiro de 1595\n",
    "Nascimento\n": "14 de junho de 1529Linz, Áustria\n",
    "Morte\n": "24 de janeirode1595(65 anos)Insbruque, Áustria\n",
    "Sepultado em\n": "Insbruque\n",
    "Cônjuge\n": "Filipina WelserAna Catarina Gonzaga\n",
    "Descendência\n": "André, Bispo de BrixenCarlos, Marquês de BurgóviaMaria da ÁustriaAna de Tirol\n",
    "Casa\n": "Habsburgo\n",
    "Pai\n": "Fernando I do Sacro Império Romano-Germânico\n",
    "Mãe\n": "Ana da Boêmia e Hungria\n",
    "Religião\n": "Cristianismo\n"
}