{
    "Período\n": "29 de outubro de 2011 a 22 de junho de 2012\n",
    "Vice-presidente\n": "Federico Franco\n",
    "Antecessor(a)\n": "Bharrat Jagdeo\n",
    "Sucessor(a)\n": "Federico Franco\n",
    "Nome completo\n": "Fernando Armindo Lugo de Méndez\n",
    "Nascimento\n": "30 de maio de 1951 (73 anos) San Solano, Itapúa, Paraguai\n",
    "Nacionalidade\n": "paraguaio\n",
    "Alma mater\n": "Universidade Católica de Nossa Senhora de AssunçãoPontifícia Universidade Gregoriana\n",
    "Primeira-dama\n": "Mercedes Lugo de Maidana (irmã do presidente)\n",
    "Filhos(as)\n": "Guillermo Lugo CarrilloÁngel Lugo de la Cruz[1]\n",
    "Partido\n": " Frente Guasú (2010-presente)\n",
    "Religião\n": "Católico\n",
    "Profissão\n": "Bispo católico\n",
    "Residência\n": "Palacio de los López\n",
    "Assinatura\n": "\n",
    "Website\n": "Website oficial da Presidência\n"
}