{
    "Promoção\n": "Ring of Honor\n",
    "Data\n": "18 de dezembro de 2010[1]\n",
    "Cidade\n": "Cidade de Nova Iorque[1]\n",
    "Local\n": "Manhattan Center[1]\n",
    "Público\n": "1,300[2]\n",
    "\n←AnteriorGlory by Honor IXPróximo→ROH 9th Anniversary Show\n": "← AnteriorGlory by Honor IX\n",
    "← AnteriorGlory by Honor IX\n": "Próximo →ROH 9th Anniversary Show\n",
    "\n←AnteriorFinal Battle (2009)Próximo→Final Battle (2011)\n": "← AnteriorFinal Battle (2009)\n",
    "← AnteriorFinal Battle (2009)\n": "Próximo →Final Battle (2011)\n"
}