{
    "Promoção\n": "Ring of Honor\n",
    "Data\n": "19 de dezembro de 2009[1]\n",
    "Cidade\n": "Nova Iorque[1]\n",
    "Local\n": "Manhattan Center[1]\n",
    "Público\n": "1,300[1]\n",
    "\n←AnteriorTake No Prisoners (2009)Próximo→The Big Bang!\n": "← AnteriorTake No Prisoners (2009)\n",
    "← AnteriorTake No Prisoners (2009)\n": "Próximo →The Big Bang!\n",
    "\n←AnteriorN/APróximo→Final Battle (2010)\n": "← AnteriorN/A\n",
    "← AnteriorN/A\n": "Próximo →Final Battle (2010)\n"
}