{
    "Promoção\n": "Ring of Honor\n",
    "Data\n": "16 de dezembro de 2012\n",
    "Cidade\n": "Cidade de Nova Iorque, Estado de Nova Iorque\n",
    "Local\n": "Hammerstein Ballroom\n",
    "\n←AnteriorGlory By Honor XI: The Unbreakable HopePróximo→11th Anniversary Show\n": "← AnteriorGlory By Honor XI: The Unbreakable Hope\n",
    "← AnteriorGlory By Honor XI: The Unbreakable Hope\n": "Próximo →11th Anniversary Show\n",
    "\n←AnteriorFinal Battle (2011)Próximo→TBD\n": "← AnteriorFinal Battle (2011)\n",
    "← AnteriorFinal Battle (2011)\n": "Próximo →TBD\n"
}