{
    "Nascimento\n": "25 de julho de 1981 (43 anos)Bray, Condado de Wicklow, Irlanda[1]\n",
    "Residência\n": "Brooklyn, Nova Iorque\n",
    "Cônjuge(s)\n": "Vero Rodríguez(c.2019)\n",
    "Nome(s)de ringue\n": "C.T.U Ranger Red (II)[2]Fergal Devitt[3]Finn Bálor[4]Pegasus Kid (II)[3][1]Prince Devitt[5]\n",
    "Alturaanunciada\n": "5 ft 11 in (1,80 m)\n",
    "Pesoanunciado\n": "190 lb (86,2 kg)\n",
    "Anunciadode\n": "Bray, Irlanda\n",
    "Treinadopor\n": "NWA UK Hammerlock[3]Andre Baker[3]Johnny Moss[3]Jon Ryan[3]New Japan Inoki Dojo[3]\n",
    "Estreia\n": "2000[3]\n"
}