{
    "Período\n": "22 de outubro de 1957 a 21 de abril de 1971\n",
    "Antecessor(a)\n": "Antonio Thrasybule Kébreau\n",
    "Sucessor(a)\n": "Jean-Claude Duvalier\n",
    "Nome completo\n": "François Duvalier\n",
    "Nascimento\n": "14 de abril de 1907 Porto Príncipe, Haiti\n",
    "Morte\n": "21 de abrilde1971(64 anos) Porto Príncipe, Haiti\n",
    "Nacionalidade\n": "Haitiano\n",
    "Alma mater\n": "Université d'État d'Haïti\n",
    "Cônjuge\n": "Simone Duvalier\n",
    "Filhos(as)\n": "Marie‑Denise DuvalierNicole DuvalierSimone DuvalierJean-Claude Duvalier\n",
    "Partido\n": "Partido da Unidade Nacional\n",
    "Religião\n": "Vodu haitiano\n",
    "Profissão\n": "Médico\n"
}