{
    "Período\n": "28 de maio de 1864até 3 de agosto de 1866\n",
    "Antecessor(a)\n": "Antônio Sampaio Almendra\n",
    "Sucessor(a)\n": "José Manuel de Freitas\n",
    "Nome completo\n": "Franklin Américo de Meneses Dória\n",
    "Nascimento\n": "12 de julho de 1836 Ilha dos Frades\n",
    "Morte\n": "28 de outubrode1906(70 anos) Rio de Janeiro\n",
    "Nacionalidade\n": " brasileiro\n",
    "Progenitores\n": "Mãe: Águeda Clementina de Menezes DóriaPai: José Inácio de Menezes Dória\n",
    "Alma mater\n": "Faculdade de Direito do Recife\n",
    "Esposa\n": "Maria Amanda Lustosa Paranaguá\n",
    "Religião\n": "Católico\n",
    "Profissão\n": "Advogado, político, orador, magistrado e poeta\n"
}