{
    "Nascimento\n": "Francis Sellers Collins14 de abrilde1950(74 anos)Staunton,Virgínia\n",
    "Nacionalidade\n": "estadunidense\n",
    "Cidadania\n": "Estados Unidos\n",
    "Alma mater\n": "Universidade de Virginia, Universidade de Yale, Universidade da Carolina do Norte em Chapel Hill\n",
    "Ocupação\n": "geneticista, médico, autor, físico, químico\n",
    "Distinções\n": "Prêmio E. Mead Johnson(1992), Prêmio Centro Médico Albany(2010), Prêmio Templeton(2020)\n",
    "Empregador(a)\n": "Universidade de Michigan, Institutos Nacionais da Saúde\n",
    "Campo(s)\n": "biologia, genética\n"
}