{
    "Reinado\n": "15 de março de 1617 – 11 de março de 1636\n",
    "Antecessor(a)\n": "Novo título\n",
    "Sucessor(a)\n": "Elizabeth Cavendish\n",
    "Predecessor(a)\n": "Elizabeth Ravenscroft\n",
    "Nascimento\n": "1 de março de 1583Knowsley Hall, Merseyside, Reino da Inglaterra\n",
    "Morte\n": "11 de março de 1635 (52 anos)Ashridge Park, Hertfordshire, Reino da Inglaterra\n",
    "Sepultado em\n": "Igreja de São Pedro e São Paulo, Little Gaddesden, Hertfordshire\n",
    "Cônjuge\n": "John Egerton, 1.º Conde de Bridgewater\n",
    "Descendência\n": "Elizabeth, Condessa de Exeter  Mary, Baronesa Herbert  Penelope  Arabella, Baronesa S John  Frances  Alice, Condessa de Carbery  Catherine  Anne  Cecilia  Magdalen  James, Visconde Brackley  Charles, Visconde Brackley  John Egerton, 2.º Conde de Bridgwater\n",
    "Casa\n": "Stanley  Egerton\n",
    "Pai\n": "Ferdinando Stanley, 5.º Conde de Derby\n",
    "Mãe\n": "Alice Spencer\n"
}