{
    "Nascimento\n": "7 de abril de 1506Xavier\n",
    "Morte\n": "3 de dezembrode1552(46 anos)Sanchoão, China\n",
    "Nome de nascimento\n": "Francisco de Jasso Azpilicueta Atondo y Aznáres\n",
    "Progenitores\n": "Mãe: María Azpilcueta y AznárezPai: Juan de Jasso\n",
    "Veneração por\n": "católicos e anglicanos\n",
    "Beatificação\n": "25 de outubro de 1619por Papa Paulo V\n",
    "Canonização\n": "12 de março de 1622por Papa Gregório XV\n",
    "Festa litúrgica\n": "3 de dezembro\n",
    "Padroeiro\n": "Setúbal, Navarra, Salvador (Brasil), Indonésia, Bornéu, Mongólia, Sri Lanca, Goa, Bombaim, Lucerna, Zagrebe, Cidade do Cabo, Japão, missões, etc.\n"
}