{
    "Reinado\n": "1669–1672\n",
    "Antecessor(a)\n": "Frederico Guilherme II, Duque de Saxe-Altemburgo\n",
    "Sucessor(a)\n": "Ernesto I, Duque de Saxe-Gota\n",
    "Nascimento\n": "12 de julho de 1657Altemburgo, Ducado de Saxe-Altemburgo, Sacro Império Romano-Germânico\n",
    "Morte\n": "14 de abril de 1672 (14 anos)Altemburgo, Ducado de Saxe-Altemburgo, Sacro Império Romano-Germânico\n",
    "Casa\n": "Wettin\n",
    "Pai\n": "Frederico Guilherme II, Duque de Saxe-Altemburgo\n",
    "Mãe\n": "Madalena Sibila da Saxónia\n"
}