{
    "Nascimento\n": "Georg Friedrich Händel23 de fevereiro de 1685Halle an der Saale,Brandemburgo-Prússia\n",
    "Morte\n": "14 de abrilde1759(74 anos)Londres,Grã-Bretanha\n",
    "Residência\n": "Londres, Halle, Roma, Florença, Nápoles, República de Veneza\n",
    "Sepultamento\n": "Poets' Corner\n",
    "Cidadania\n": "Brandemburgo-Prússia, Reino da Grã-Bretanha, Sacro Império Romano-Germânico\n",
    "Progenitores\n": ".mw-parser-output .plainlist ol,.mw-parser-output .plainlist ul{line-height:inherit;list-style:none;margin:0;padding:0}.mw-parser-output .plainlist ol li,.mw-parser-output .plainlist ul li{margin-bottom:0}Georg HändelDorothea Taust\n",
    "Alma mater\n": "Universidade de Halle-Vitemberga",
    "Ocupação\n": "Compositor\n",
    "Gênero literário\n": "Barroco\n",
    "Obras destacadas\n": "Messias, Música Aquática, Music for the Royal Fireworks, Giulio Cesare in Egitto, Alcina, Serse, Concerti grossi, Op. 6\n",
    "Movimento estético\n": "música barroca\n",
    "Instrumento\n": "órgão, cravo, oboé\n",
    "Religião\n": "luteranismo\n"
}