{
    "Nascimento\n": "14 de abril de 1762Roma\n",
    "Morte\n": "1 de fevereiro de 1839 (76 anos)Roma\n",
    "Cidadania\n": "Estados Papais\n",
    "Progenitores\n": ".mw-parser-output .plainlist ol,.mw-parser-output .plainlist ul{line-height:inherit;list-style:none;margin:0;padding:0}.mw-parser-output .plainlist ol li,.mw-parser-output .plainlist ul li{margin-bottom:0}Luigi Valadier\n",
    "Filho(a)(s)\n": "Luigi Maria Valadier\n",
    "Ocupação\n": "arquiteto, historiador de arte, arqueólogo, urbanista\n",
    "Obras destacadas\n": "Inkwell and pens\n"
}