{
    "Nome completo\n": "Giuseppe Fortunino Francesco Verdi\n",
    "Pseudônimo(s)\n": "Giuseppe VerdiVerdi\n",
    "Nascimento\n": "10 de outubro de 1813Roncole, Emília-Romanha, Ducado de Parma e Piacenza, Busseto, Primeiro Império Francês (hoje,Itália)\n",
    "Morte\n": "27 de janeiro de 1901Milão, Lombardia, Reino de Itália (hoje,Itália)\n",
    "Causa da morte\n": "Acidente Vascular Cerebral (AVC)\n",
    "Nacionalidade\n": "italiano\n",
    "Parentesco\n": ".mw-parser-output .plainlist ol,.mw-parser-output .plainlist ul{line-height:inherit;list-style:none;margin:0;padding:0}.mw-parser-output .plainlist ol li,.mw-parser-output .plainlist ul li{margin-bottom:0}Carlo Giuseppe(pai)Luigia Uttini(mãe)\n",
    "Cônjuge\n": "Margherita Barezzi(c.1836–40)Giuseppina Strepponi(c.1859–97)",
    "Filho(a)(s)\n": "2\n",
    "Educação\n": "Aluno deVincenzo LavignaFerdinando Provesi",
    "Ocupação\n": "CompositorMaestroEscritorPolítico\n",
    "Cargo\n": "Deputado doReino da Itália(3 de fevereirode1861)Senador doReino da Itália(15 de novembrode1874)",
    "Magnum opus\n": "La traviataRigolettoAidaNabuccoIl trovatoreRequiemFalstaffQuatro Peças Sacras",
    "Movimento estético\n": "RomantismoClassicismoRisorgimentoNacionalismo italiano\n",
    "Gênero(s)\n": "ÓperaMúsica sacraMúsica clássica\n",
    "Website\n": "giuseppeverdi.itverdi.san.beniculturali.it"
}