{
    "Data\n": "4 de novembro de 2012\n",
    "Local\n": "Yas Island, Abu Dhabi, Emirados Árabes Unidos\n",
    "Total\n": "55 voltas / 305,470 km\n",
    "Piloto\n": "\nSebastian VettelRed Bull-Renault\n",
    " Lewis Hamilton": "McLaren-Mercedes\n",
    "Tempo\n": "1:43:964 (na volta 54)\n",
    " Sebastian Vettel": "Red Bull-Renault\n",
    "Primeiro\n": "\nKimi RäikkönenLotus-Renault\n",
    " Kimi Räikkönen": "Lotus-Renault\n",
    "Segundo\n": "\nFernando AlonsoFerrari\n",
    " Fernando Alonso": "Ferrari\n",
    "Terceiro\n": "\nSebastian VettelRed Bull-Renault\n"
}