{
    "Nome completo\n": "Gwyneth Kate Paltrow\n",
    "Nascimento\n": "27 de setembro de 1972 (52 anos)Los Angeles, Califórnia, Estados Unidos\n",
    "Nacionalidade\n": "norte-americana\n",
    "Ocupação\n": "Atriz, cantora e escritora\n",
    "Cônjuge\n": ".mw-parser-output .plainlist ol,.mw-parser-output .plainlist ul{line-height:inherit;list-style:none;margin:0;padding:0}.mw-parser-output .plainlist ol li,.mw-parser-output .plainlist ul li{margin-bottom:0}Chris Martin(c.2003;div.2016)Brad Falchuk(c.2018)\n",
    "Filho(a)(s)\n": "2\n"
}