{
    "Período\n": "26 de junho de 2018 até 10 de setembro de 2018\n",
    "Presidente\n": "Jair Bolsonaro\n",
    "Antecessor(a)\n": "Gilberto Pimentel\n",
    "Sucessor(a)\n": "Eduardo José Barbosa\n",
    "Nome completo\n": "Antônio Hamilton Martins Mourão\n",
    "Nascimento\n": "15 de agosto de 1953 (71 anos) Porto Alegre, Rio Grande do Sul\n",
    "Nacionalidade\n": "Brasileiro\n",
    "Progenitores\n": "Mãe: Wanda Coronel MartinsPai: Antonio Hamilton Mourão\n",
    "Alma mater\n": "Academia Militar das Agulhas Negras\nEscola de Comando e Estado-Maior do Exército\n",
    "Cônjuge\n": "Elisabeth Rossell (c.1976;v.2016)Paula de Oliveira (c.2018)\n",
    "Partido\n": "PRTB (2018-2022)Republicanos (2022-presente)\n",
    "Religião\n": "catolicismo romano\n",
    "Assinatura\n": "\n",
    "Website\n": "https://senadormourao.com.br\n",
    "Lealdade\n": "Brasil\n",
    "Serviço/ramo\n": "Exército Brasileiro\n",
    "Anos de serviço\n": "1972–2018 (46 anos)\n",
    "Graduação\n": " General de Exército\n",
    "Comandos\n": "Lista27.° Grupo de Artilharia de Campanha(1998–2000)2.ª Brigada de Infantaria de Selva(2006–2008)6.ª Divisão de Exército(2010–2011)Comando Militar do Sul(2014–2015)Secretaria de Economia e Finanças(2015–2017)\n",
    "Condecorações\n": "Ordem do Mérito Militar[1]\nOrdem do Mérito da Defesa\n"
}