{
    "Nascimento\n": "Henricus Antonius Franciscus Maria Oliva van Mierlo18 de agosto de 1931Breda\n",
    "Morte\n": "11 de março de 2010 (78 anos)Amsterdã\n",
    "Residência\n": "Breda, Amesterdão\n",
    "Sepultamento\n": "Zorgvlied\n",
    "Cidadania\n": "Reino dos Países Baixos\n",
    "Progenitores\n": ".mw-parser-output .plainlist ol,.mw-parser-output .plainlist ul{line-height:inherit;list-style:none;margin:0;padding:0}.mw-parser-output .plainlist ol li,.mw-parser-output .plainlist ul li{margin-bottom:0}Antonius Alphonsus Maria van MierloAdriana Maria Francisca van der Schrieck\n",
    "Cônjuge\n": "Connie Palmen, Anna Los, Olla van Maasdijk\n",
    "Alma mater\n": "Universidade Radboud de NimegaCanisius College, Nijmegen",
    "Ocupação\n": "jornalista, político, produtor de televisão\n",
    "Distinções\n": "Grã-Cruz da Ordem do Mérito da República Federal da Alemanha (2003)Comandante da Ordem de Orange-Nassau (1982)Comendador da Legião de Honra (1999)Prêmio Maquiavel (1998)Silver Medal of the City of Amsterdam\n",
    "Empregador(a)\n": "L'Indépendant, Algemeen Handelsblad\n",
    "Causa da morte\n": "hepatopatia\n"
}