{
    "Tipo\n": "Canal de Televisão Por Assinatura\n",
    "País\n": " Estados Unidos\n",
    "Fundação\n": "8 de novembrode1972(52 anos)\n",
    "Pertence a\n": "Warner Bros. Discovery\n",
    "Proprietário\n": "Warner Bros. Discovery\n",
    "Sede\n": "Nova Iorque, Estados Unidos\n",
    "Estúdios\n": "Warner Bros. Discovery Studios\n",
    "Slogan\n": "It's What Connects Us.(É o que nos conecta.)\n",
    "Formato de vídeo\n": "480i (SDTV)1080i (HDTV)\n",
    "Canais irmãos\n": "Cinemax\n",
    "Página oficial\n": "www.hbo.com\n"
}