{
    "Nascimento\n": "12 de julho de 1832Bradford\n",
    "Morte\n": "26 de novembro de 1895 (63 anos)Londres\n",
    "Cidadania\n": "Reino Unido da Grã-Bretanha e Irlanda\n",
    "Irmão(ã)(s)\n": "Frederic Seebohm\n",
    "Ocupação\n": "ornitólogo, explorador, oologist\n",
    "Distinções\n": ".mw-parser-output .plainlist ol,.mw-parser-output .plainlist ul{line-height:inherit;list-style:none;margin:0;padding:0}.mw-parser-output .plainlist ol li,.mw-parser-output .plainlist ul li{margin-bottom:0}Membro da Sociedade ZoológicaIrmandade da Real Sociedade Geográfica\n"
}