{
    "Reinado\n": "14 de abril de 1028a 5 de outubro de 1056\n",
    "Coroação\n": "14 de abril de 1028\n",
    "Antecessor(a)\n": "Conrado II\n",
    "Sucessor(a)\n": "Henrique IV\n",
    "Predecessor(a)\n": "Conrado II\n",
    "Nascimento\n": "28 de outubro de 1017\n",
    "Morte\n": "5 de outubrode1056(38 anos)Bodfeld, Suábia, Sacro Império Romano-Germânico\n",
    "Sepultado em\n": "Catedral de Speyer, Speyer, Alemanha\n",
    "Esposa\n": "Gunhilda da DinamarcaInês da Aquitânia\n",
    "Descendência\n": "Beatriz I, Abadessa de QuedlinburgAdelaide II, Abadessa de QuedlinburgGisela da SuábiaMatilde da SuábiaHenrique IV do Sacro Império Romano-GermânicoConrado II, Duque da BavieraJudite da Suábia\n",
    "Dinastia\n": "Saliana\n",
    "Pai\n": "Conrado II do Sacro Império Romano-Germânico\n",
    "Mãe\n": "Gisela da Suábia\n",
    "Religião\n": "Catolicismo\n"
}