{
    "Reinado\n": "30 de setembro de 1399a 20 de março de 1413\n",
    "Coroação\n": "13 de outubro de 1399\n",
    "Antecessor(a)\n": "Ricardo II\n",
    "Sucessor(a)\n": "Henrique V\n",
    "Nascimento\n": "15 de abril de 1367Castelo de Bolingbroke, Bolingbroke, Lincolnshire, Inglaterra\n",
    "Morte\n": "20 de marçode1413(45 anos)Londres, Inglaterra\n",
    "Sepultado em\n": "Catedral de Cantuária, Kent, Inglaterra\n",
    "Esposas\n": "Maria de BohunJoana de Navarra\n",
    "Descendência\n": "Eduardo de LencastreHenrique V de InglaterraTomás, Duque de ClarenceJoão, Duque de BedfordHumberto, Duque de GloucesterBranca de InglaterraFilipa da Inglaterra\n",
    "Casa\n": "Lencastre\n",
    "Pai\n": "João de Gante\n",
    "Mãe\n": "Branca de Lencastre\n",
    "Religião\n": "Catolicismo\n",
    "Assinatura\n": "\n"
}