{
    "Período\n": "16 de julho de 2009 a 11 de fevereiro de 2011\n",
    "Vice-presidente\n": "Omar Suleiman\n",
    "Antecessor(a)\n": "Anwar Al Sadat\n",
    "Sucessor(a)\n": "Mohamed Hussein Tantawi\n",
    "Nascimento\n": "4 de maio de 1928 Kafr-El Meselha, Monufia, Reino do Egito\n",
    "Morte\n": "25 de fevereiro de 2020 (91 anos) Cairo, Egito\n",
    "Alma mater\n": "Academia Militar Egípcia\n",
    "Cônjuge\n": "Suzanne Mubarak\n",
    "Filhos(as)\n": "Alaa MubarakGamal Mubarak\n",
    "Partido\n": "Partido Nacional Democrático\n",
    "Religião\n": "Sunismo\n",
    "Profissão\n": "Militar\n",
    "Assinatura\n": "\n"
}