{
    "Período\n": "2 de fevereiro de 1999 a 5 de março de 2013\n",
    "Vice-presidente\n": "Isaías Rodríguez (1999–2000)Adina Bastidas (2000–2002Diosdado Cabello (2002)José Vicente Rangel (2002–2007)Jorge Rodríguez Gómez (2007–2008)Ramón Carrizales (2008–2010)Elías Jaua (2010–2012)Nicolás Maduro (2012–2013)\n",
    "Antecessor(a)\n": "Rafael Caldera\n",
    "Sucessor(a)\n": "Nicolás Maduro\n",
    "Nome completo\n": "Hugo Rafael Chávez Frías\n",
    "Nascimento\n": "28 de julho de 1954 Sabaneta, Barinas\n",
    "Morte\n": "5 de marçode2013(58 anos) Caracas, Venezuela[1]\n",
    "Nacionalidade\n": "venezuelano\n",
    "Cônjuge\n": "Nancy Colmenares (c.1977;div.1995)Marisabel Rodríguez (c.1997;div.2004)\n",
    "Filhos(as)\n": "4\n",
    "Partido\n": "Partido Socialista Unido da Venezuela (2008–2013)Movimento Quinta República (1997–2008)\n",
    "Religião\n": "catolicismo romano/sincretismo[nota 1]\n",
    "Profissão\n": "militarpolítico\n",
    "Assinatura\n": "\n",
    "Lealdade\n": " Venezuela\n",
    "Serviço/ramo\n": "Exército Venezuelano\n",
    "Anos de serviço\n": "1971–1992\n",
    "Graduação\n": "tenente-coronel\n"
}