{
    "Nome nativo\n": "Ian Garrison\n",
    "Nascimento\n": "14 de abril de 1998 (26 anos)Decatur, Geórgia\n",
    "Estatura\n": "193  cm\n",
    "Cidadania\n": " Estados Unidos\n",
    "Ocupação\n": "ciclista desportivo(en)\n",
    "Equipa atual\n": "Deceuninck-Quick Step\n",
    "Desporto\n": "Ciclismo\n",
    "Disciplina\n": "Estrada\n",
    "Tipo de corredor\n": "Contrarrelógista\n",
    "Equipasamador20152016Hincapie Racing JuniorsEstados Unidos Juniors[1]Equipas profissionais2017-20192020-Axeon Hagens BermanDeceuninck-Quick Step\n": "20152016\n  ",
    "20152016\n  ": "Hincapie Racing JuniorsEstados Unidos Juniors [1]\n",
    "2017-20192020-\n  ": "Axeon Hagens BermanDeceuninck-Quick Step\n"
}