{
    "Orientação\n": "Catolicismo ortodoxo\n",
    "Fundador\n": "Jesus (conforme a Santa Tradição ortodoxa)\n",
    "Origem\n": "Século I, na Judeia (província romana)[1]\n",
    "Sede\n": "Descentralizada a nível diocesano, com sede honorária em Constantinopla e diversas sedes regionais\n",
    "Líder espiritual\n": "Bartolomeu I de Constantinopla (honorariamente)\n",
    "Número de membros\n": "220 milhões\n",
    "Países em que atua\n": "No mundo inteiro, principalmente na Europa Oriental e Oriente Médio\n"
}