{
    "Orientação\n": "ProtestantismoEvangelicalismoNeopentecostalismo[1][1]\n",
    "Fundador\n": "Edir Macedo e R. R. Soares\n",
    "Origem\n": "9 de julho de 1977 (47 anos)  Rio de Janeiro, Brasil[2]\n",
    "Sede\n": "Templo de Salomão, São Paulo, Brasil\n",
    "Número de membros\n": "1,873 milhão (no Brasil) em 2010, segundo IBGE, 7 milhões segundo a IURD.[3][4]\n",
    "Número de igrejas\n": "Cerca de 8 773 em 2020 no Brasil (3 559 no resto do mundo)[5]\n",
    "Países em que atua\n": "± 127 (em 2019) [6]\n",
    "Página oficial\n": "Universal.org\n"
}