{
    "Orientação\n": "Católica\n",
    "Fundador\n": "Jesus, segundo a tradição católica\n",
    "Origem\n": "Século I, Terra Santa, Império Romano[1]\n",
    "Sede\n": "Vaticano\n",
    "Líder espiritual\n": "Papa Francisco\n",
    "Número de membros\n": "1,36bilhão * (2020)[2][3]\n",
    "Número de igrejas\n": "mais de 221 mil paróquias\n",
    "Países em que atua\n": "No mundo inteiro, principalmente na América Latina, Europa Ocidental e Filipinas\n",
    "Página oficial\n": "www.vatican.va\n"
}