{
    "Tipo / Missão\n": "Transporte aéreo tático, e uso civil\n",
    "País de origem\n": "União Soviética /  Rússia\n",
    "Fabricante\n": "Ilyushin\n",
    "Período de produção\n": "1971-atualmente\n",
    "Quantidade produzida\n": "960\n",
    "Primeiro voo em\n": "25 de março de 1971 (54 anos)\n",
    "Introduzido em\n": "junho de 1974\n",
    "Variantes\n": "Ilyushin Il-78 Beriev A-50 KJ-2000\n",
    "Tripulação\n": "5\n",
    "Carga útil\n": "50 000 kg (110 000 lb)\n"
}