{
    "←←": "←",
    "←": "",
    "": "→",
    "Bandeira": "",
    "Lema nacional\n": "五箇条の御誓文Gokajō no Goseimon\"Juramento em Cinco Artigos\"(1868–1912)\n",
    "Hino nacional\n": "君が代Kimigayo\"Reinado de Sua Majestade Imperial\"(1869–1945)[1][2][a]noicon\n",
    "Capitais\n": "Quioto(1868–1869)[3]Cidade de Tóquio(1869–1943)Tóquio(1943–1947)",
    "Língua oficial\n": "Japonês\n",
    "Outros idiomas\n": "HokkienMandarimHakkaCoreano",
    "Religião\n": "Estado secular(De jure)Xintoísmo estatal(De facto;Ideologia do Estado)[d]",
    "Moeda\n": "Iene(¥)Iene coreano(圓)Iene taiwanês(圓)",
    "Forma de governo\n": "Monarquia absolutaunitária(1868–1889)[4]\nsobDaijō-kan[4](1868–1885)\nMonarquia semi-constitucionalparlamentarunitária(1889–1947)[5]\nsobocupação militar(1945–1947)\n",
    "•1868–1912Meiji•1912–1926Taishō•1926–1947Shōwa\n": "• ",
    "• ": "3 de maio  de  1947",
    "•1885–1888(primeiro)Itō Hirobumi•1946–1947(último)Shigeru Yoshida\n": "• ",
    "•Câmara altaCâmara dos Pares(1889–1947)•Câmara baixaCâmara dos Representantes(a partir de 1890)\n": "• ",
    "Período histórico\n": ".mw-parser-output .hlist dl,.mw-parser-output .hlist ol,.mw-parser-output .hlist ul{margin:0;padding:0}.mw-parser-output .hlist dd,.mw-parser-output .hlist dt,.mw-parser-output .hlist li{margin:0;display:inline}.mw-parser-output .hlist.inline,.mw-parser-output .hlist.inline dl,.mw-parser-output .hlist.inline ol,.mw-parser-output .hlist.inline ul,.mw-parser-output .hlist dl dl,.mw-parser-output .hlist dl ol,.mw-parser-output .hlist dl ul,.mw-parser-output .hlist ol dl,.mw-parser-output .hlist ol ol,.mw-parser-output .hlist ol ul,.mw-parser-output .hlist ul dl,.mw-parser-output .hlist ul ol,.mw-parser-output .hlist ul ul{display:inline}.mw-parser-output .hlist .mw-empty-li{display:none}.mw-parser-output .hlist dt::after{content:\": \"}.mw-parser-output .hlist dd::after,.mw-parser-output .hlist li::after{content:\" · \";font-weight:bold}.mw-parser-output .hlist dd:last-child::after,.mw-parser-output .hlist dt:last-child::after,.mw-parser-output .hlist li:last-child::after{content:none}.mw-parser-output .hlist dd dd:first-child::before,.mw-parser-output .hlist dd dt:first-child::before,.mw-parser-output .hlist dd li:first-child::before,.mw-parser-output .hlist dt dd:first-child::before,.mw-parser-output .hlist dt dt:first-child::before,.mw-parser-output .hlist dt li:first-child::before,.mw-parser-output .hlist li dd:first-child::before,.mw-parser-output .hlist li dt:first-child::before,.mw-parser-output .hlist li li:first-child::before{content:\" (\";font-weight:normal}.mw-parser-output .hlist dd dd:last-child::after,.mw-parser-output .hlist dd dt:last-child::after,.mw-parser-output .hlist dd li:last-child::after,.mw-parser-output .hlist dt dd:last-child::after,.mw-parser-output .hlist dt dt:last-child::after,.mw-parser-output .hlist dt li:last-child::after,.mw-parser-output .hlist li dd:last-child::after,.mw-parser-output .hlist li dt:last-child::after,.mw-parser-output .hlist li li:last-child::after{content:\")\";font-weight:normal}.mw-parser-output .hlist ol{counter-reset:listitem}.mw-parser-output .hlist ol>li{counter-increment:listitem}.mw-parser-output .hlist ol>li::before{content:\" \"counter(listitem)\"\\a0 \"}.mw-parser-output .hlist dd ol>li:first-child::before,.mw-parser-output .hlist dt ol>li:first-child::before,.mw-parser-output .hlist li ol>li:first-child::before{content:\" (\"counter(listitem)\"\\a0 \"}MeijiTaishōShōwa\n",
    "•3 de janeiro  de  1868Restauração Meiji[6]•11 de fevereiro  de  1889Constituição Meiji•25 de julho  de  1894Primeira Guerra Sino-Japonesa•8 de fevereiro  de  1904Guerra Russo-Japonesa•23 de agosto  de  1914Primeira Guerra Mundial•18 de setembro  de  1931Incidente de Mukden•7 de julho  de  1937Segunda Guerra Sino-Japonesa•12 de outubro  de  1940Fundação doTaisei Yokusankai•7 de dezembro  de  1941Segunda Guerra Mundial•2 de setembro  de  1945Rendição do Japão•3 de maio  de  1947Reconstituído[7]\n": "• ",
    "•  19381,984,000 km²[8]•  19407,400,000 km²[9]\n": " •  1938 ",
    " •  1938 ": " ",
    " •  1940 ": " ",
    "• 192077,700,000[e](est.)[10]• 1940105,200,000[f](est.)[10]\n": " • 1920",
    " • 1920": " ",
    " • 1940": " "
}