{
    "←": "",
    "Bandeira da dinastia paleóloga": "",
    "Continente\n": "Eurafrásia\n",
    "Região\n": "Bacia do Mediterrâneo\n",
    "Capital\n": "Constantinopla\n",
    "Língua oficial\n": ".mw-parser-output .plainlist ol,.mw-parser-output .plainlist ul{line-height:inherit;list-style:none;margin:0;padding:0}.mw-parser-output .plainlist ol li,.mw-parser-output .plainlist ul li{margin-bottom:0}grego(a par dolatimatéc.620)\n",
    "Moeda\n": "soldo e outras\n",
    "Forma de governo\n": "Autocracia\n",
    "•395–408Arcádio•1449–1453Constantino XI\n": "• ",
    "• ": "29 de maio  de  1453",
    "Período histórico\n": "Antiguidade Tardia e Idade Média\n",
    "•11 de maio de 330Fundação de Constantinopla•17 de janeiro  de395Cisão doImpério Romano•1054Grande Cisma•1204Tomada de ConstantinoplapelaQuarta Cruzada•1204–1261Exílio (Império de Niceia)•1261Reconquista de Constantinopla•29 de maiode1453Queda de Constantinopla\n": "• ",
    "• 56526 000 000(est.)• 7807 000 000(est.)• 102512 000 000(est.)• 114310 000 000(est.)• 1282[♦]5 000 000(est.)\n": " • 565",
    " • 565": " ",
    " • 780": " ",
    " • 1025": " ",
    " • 1143": " ",
    " • 1282 [♦]": " ",
    "Estados antecessores e sucessores←Império Romano←Reino Vândalo←Reino Ostrogótico←Primeiro Império Búlgaro←Emirado de Melitene←Emirado de AlepoImpério de Trebizonda→Despotado da Moreia→Ducado de Naxos→Senhorio de Negroponte→Reino do Chipre→Ducado de Atenas→Império Otomano→República de Veneza→Marca de Bodonitsa→Império Latino→Principado da Acaia→Ducado de Filipópolis→Reino Arménio da Cilícia→Império de Niceia→Reino da Sicília→Reino Lombardo→Sultanato de Rum→Segundo Império Búlgaro→Principado de Teodoro→\n": "←",
    " ": "Principado de Teodoro"
}