{
    "\nReino:AnimaliaFilo:ArthropodaClasse:InsectaOrdem:HymenopteraSuperfamília:ApoideaFamília:ApidaeSubfamília:MeliponinaeTribo:TrigoniniGénero:NannotrigonaEspécie:N. testaceicornis\n": "Reino:\n",
    "Reino:\n": "Animalia\n",
    "Filo:\n": "Arthropoda\n",
    "Classe:\n": "Insecta\n",
    "Ordem:\n": "Hymenoptera\n",
    "Superfamília:\n": "Apoidea\n",
    "Família:\n": "Apidae\n",
    "Subfamília:\n": "Meliponinae\n",
    "Tribo:\n": "Trigonini\n",
    "Género:\n": "Nannotrigona\n",
    "Espécie:\n": "N. testaceicornis\n"
}