{
    "Reinado\n": "6 de fevereiro de 1952a 8 de setembro de 2022\n",
    "Coroação\n": "2 de junho de 1953\n",
    "Antecessor(a)\n": "Jorge VI\n",
    "Sucessor\n": "Carlos III\n",
    "Nascimento\n": "21 de abril de 1926Mayfair, Londres, Reino Unido\n",
    "Morte\n": "8 de setembro de 2022 (96 anos)Castelo de Balmoral, Aberdeenshire, Escócia, Reino Unido\n",
    "Sepultado em\n": "19 de setembro de 2022[1][2]Capela de São Jorge, Castelo de Windsor, Reino Unido\n",
    "Nome completo\n": "Elizabeth Alexandra Mary\n",
    "Marido\n": "Filipe, Duque de Edimburgo (c.1947;v.2021)\n",
    "Descendência\n": "Carlos III do Reino UnidoAna, Princesa RealAndré, Duque de IorqueEduardo, Duque de Edimburgo\n",
    "Casa\n": "Windsor\n",
    "Pai\n": "Jorge VI do Reino Unido\n",
    "Mãe\n": "Isabel Bowes-Lyon\n",
    "Irmãos(ãs)\n": "Margaret, Condessa de Snowdon\n",
    "Religião\n": "Protestante[3][a]\n",
    "Assinatura\n": "\n",
    "Brasão\n": "\n"
}