{
    "Divindade\n": "Deus no islamismo\n",
    "Fundador(es)\n": "Maomé\n",
    "Origem\n": "Século VII, na Arábia\n",
    "Ramificações\n": "sunismo, xiismo, sufismo, carijismo\n",
    "Tipo\n": "Monoteísta\n",
    "Religiões relacionadas\n": "Abraâmicas\n",
    "Número de adeptos\n": "1,9bilhão* de pessoas\n",
    "Membros\n": "Muçulmanos\n",
    "Escrituras\n": "Alcorão\n",
    "Lugares sagrados\n": "Grande Mesquita em MecaMesquita do Profeta em MedinaMesquita de Al-Aqsa em Jerusalém\n",
    "Língua litúrgica\n": "Árabe clássico\n",
    "Templos\n": "Mesquitas\n",
    "Clero\n": "Imã\n",
    "Predominância geográfica\n": "Mundo islâmico (Mundo Árabe, Oriente Médio e Sudeste Asiático)\n"
}