{
    "Nome completo\n": "Masame Odate (大館昌美 Ōdate Masami)[1]\n",
    "Nascimento\n": "8 de maio de 1990 (34 anos)[2]Kamakura, Kanagawa, Japão[3]\n",
    "Nome(s)de ringue\n": "Biba KasaiHitokiri[4]Io ShiraiIotica[5]Iyo Sky[6]Midnight Angel[7]Oyuki[8]T-2 Mask[9]Tenkū Shōjo Lusca[10]\n",
    "Alturaanunciada\n": "5 ft 1 in (1.56 m)[2][11]\n",
    "Pesoanunciado\n": "119 lb (54 kg)[12]\n",
    "Anunciadode\n": "Tóquio, Japão\n",
    "Treinadopor\n": "Takashi Sasaki[13]Tomohiko Hashimoto[14]\n",
    "Estreia\n": "4 de março de 2007[2][15]\n"
}