{
    "Nascimento\n": "Яков Давидович Тамаркин10 de julho de 1888Cherniguive\n",
    "Morte\n": "18 de novembrode1945(57 anos)Bethesda\n",
    "Residência\n": "Estados Unidos\n",
    "Sepultamento\n": "Cemitério de Swan Point\n",
    "Cidadania\n": "Império Russo, União Soviética, Estados Unidos\n",
    "Alma mater\n": "Universidade de São Petersburgo\n",
    "Ocupação\n": "matemático, professor universitário\n",
    "Empregador(a)\n": "Universidade Brown, Peter the Great Saint Petersburg State Polytechnical University, Perm State University, Faculdade de Dartmouth, Universidade Estatal de Engenheiros de Caminhos de San Petersburgo, Saint Petersburg State Electrotechnical University\n",
    "Orientador(a)(es/s)\n": "Andrei Markov[1]\n",
    "Orientado(a)(s)\n": "Dorothy Lewis Bernstein, Nelson Dunford, George Forsythe, John George Herriot, Derrick Henry Lehmer, Edward Schaumberg Quade\n",
    "Campo(s)\n": "matemática\n",
    "Tese\n": "1917\n"
}