{
    "Nascimento\n": "14 de abril de 1879Richmond\n",
    "Morte\n": "5 de maio de 1958 (79 anos)Richmond\n",
    "Sepultamento\n": "Cemitério Hollywood, Emmanuel Church at Brook Hill\n",
    "Cidadania\n": "Estados Unidos\n",
    "Progenitores\n": ".mw-parser-output .plainlist ol,.mw-parser-output .plainlist ul{line-height:inherit;list-style:none;margin:0;padding:0}.mw-parser-output .plainlist ol li,.mw-parser-output .plainlist ul li{margin-bottom:0}Robert Gamble Cabell IIAnne Harris Cabell\n",
    "Irmão(ã)(s)\n": "Robert Gamble Cabell III\n",
    "Alma mater\n": "Faculdade de William e Mary",
    "Ocupação\n": "escritor, romancista, autobiógrafo, escritor de ficção científica, fantasy author, genealogista, ensaísta, humorista, contista\n",
    "Causa da morte\n": "hemorragia intracerebral\n"
}