{
    "Período\n": "30 de outubro de 1835a 8 de maio de 1845[1]\n",
    "Antecessor(a)\n": "Maria\n",
    "Sucessor(a)\n": "Afonso Pedro\n",
    "Nascimento\n": "11 de março de 1822Palácio de São Cristóvão, Rio de Janeiro, Brasil\n",
    "Morte\n": "13 de marçode1901(79 anos)Nice, França\n",
    "Sepultado em\n": "Cemitério Père-Lachaise, Paris, França\n",
    "Nome completo\n": " \n",
    "Marido\n": "Luís Carlos, Conde de Áquila\n",
    "mais...Descendência\n": "Luís, Conde de RoccaguglielmaLeopoldina de ÁquilaFilipe, Conde de EspinaEmmanuel de Áquila\n",
    "Casa\n": "Bragança (nascimento)Bourbon-Duas Sicílias (casamento)\n",
    "Pai\n": "Pedro I do Brasil & IV de Portugal\n",
    "Mãe\n": "Maria Leopoldina da Áustria\n",
    "Religião\n": "Catolicismo\n",
    "Brasão\n": "\n"
}