{
    "Período\n": "8 de maio de 1947 até 14 de março de 1951\n",
    "Vice-presidente\n": "João Goulart\n",
    "Antecessor(a)\n": "Lucas Nogueira Garcez\n",
    "Sucessor(a)\n": "Carvalho Pinto\n",
    "Vice-prefeitos\n": "1°- Porfírio da Paz2°- Arthur Alves Pinto\n",
    "Vice-governador\n": "Porfírio da Paz\n",
    "Nome completo\n": "Jânio da Silva Quadros\n",
    "Nascimento\n": "25 de janeiro de 1917 Campo Grande, MT, Brasil[nota 1]\n",
    "Morte\n": "16 de fevereirode1992(75 anos) São Paulo, SP, Brasil\n",
    "Alma mater\n": "Faculdade de Direito da Universidade de São Paulo\n",
    "Cônjuge\n": "Eloá do Vale (1942–1990)\n",
    "Filhos(as)\n": "Dirce Maria\n",
    "Partido\n": "PDC (1947–1954)PTN (1954–1965)PTB (1957-1965)[1] MDB (1965–1980)PTB (1980–1986)  PFL (1986–1989)  PSD (1989)PMC (1989)PRN (1989–1992)\n",
    "Profissão\n": "advogado, professor e escritor\n",
    "Assinatura\n": "\n"
}