{
    "Nome completo\n": "Jeffrey Lewis Andretti\n",
    "Nascimento\n": "14 de abril de 1964 (60 anos)Bethlehem, Pensilvânia, Estados Unidos\n",
    "Nacionalidade\n": "norte-americano\n",
    "Progenitores\n": "Mãe: Dee Ann AndrettiPai: Mario Andretti\n",
    "Parentesco\n": "Michael Andretti (imrão)Barbie Andretti (irmã)John Andretti (primo)Aldo Andretti (tio)\n",
    "Cônjuge\n": "Angelica(1991-)\n",
    "Filho(a)(s)\n": "2\n",
    "Alma mater\n": "Nazareth Area High School\n",
    "Ocupação\n": "automobilista\n"
}