{
    "Período\n": "12 de dezembro de 1995 - 21 de novembro de 2012\n",
    "Antecessor(a)\n": "Mel Reynolds\n",
    "Nascimento\n": "11 de março de 1965 (60 anos) Greenville, Carolina do Sul\n",
    "Nacionalidade\n": " Americano\n",
    "Alma mater\n": "Universidade de Illinois em Urbana-Champaign\n",
    "Primeira-dama\n": "Sandi Jackson\n",
    "Filhos(as)\n": "Jessica DonatellaJesse Louis III[1]\n",
    "Partido\n": " Democrata\n",
    "Religião\n": "Batista\n",
    "Profissão\n": "político e ativista.\n",
    "Website\n": "site no congresso site de campanha\n"
}