{
    "Nome completo\n": "Joshua Samuel Fatu\n",
    "Nascimento\n": "22 de agosto de 1985 (39 anos)São Francisco, Califórnia, Estados Unidos[1]\n",
    "Cônjuge(s)\n": "Takecia Travis (c.2015)\n",
    "Filho(s)\n": "2\n",
    "Família\n": "Anoaʻi\n",
    "Nome(s)de ringue\n": "Jey Uso[2]Josh FatuJoshua FatuJules Uso[3]\n",
    "Alturaanunciada\n": "6 ft 2 in (1,88 m)[4]\n",
    "Pesoanunciado\n": "242 lb (110 kg)[4]\n",
    "Anunciadode\n": "São Francisco, Califórnia[2][5]\n",
    "Treinadopor\n": "Rikishi[1]Wild Samoan Training Center[1]Florida Championship Wrestling\n",
    "Estreia\n": "8 de junho de 2007\n"
}