{
    "Nascimento\n": "11 de março de 1953Brooklyn\n",
    "Cidadania\n": "Estados Unidos\n",
    "Alma mater\n": ".mw-parser-output .plainlist ol,.mw-parser-output .plainlist ul{line-height:inherit;list-style:none;margin:0;padding:0}.mw-parser-output .plainlist ol li,.mw-parser-output .plainlist ul li{margin-bottom:0}John Jay College da Justiça CriminalBishop Ford Central Catholic High School\n",
    "Ocupação\n": "produtor musical, engenheiro de som, empreendedor, compositor, engenheiro, produtor cinematográfico\n",
    "Distinções\n": "Rock and Roll Hall of Fame(2022)Hall da Fama da Califórnia (2014)Grammy Awards(The Producers & Engineers Wing Honor, 2012)"
}