{
    "Reinado\n": "novembro de 1566a 2 de maio de 1573\n",
    "Antecessor(a)\n": "João Frederico II, Duque da Saxónia\n",
    "Sucessor(a)\n": "Frederico Guilherme I, Duque de Saxe-Weimar\n",
    "Nascimento\n": "11 de março de 1530Torgau, Eleitorado da Saxónia, Sacro Império Romano-Germânico\n",
    "Morte\n": "2 de março de 1573 (42 anos)Weimar, Ducado de Saxe-Weimar, Sacro Império Romano-Germânico\n",
    "Esposa\n": "Doroteia Susana do Palatinado-Simmern\n",
    "Descendência\n": "Frederico Guilherme I, Duque de Saxe-WeimarSibila Maria de Saxe-WeimarJoão II, Duque de Saxe-WeimarMaria, Abadessa de Quedlinburgo\n",
    "Casa\n": "Wettin\n",
    "Pai\n": "João Frederico I, Eleitor da Saxônia\n",
    "Mãe\n": "Sibila de Cleves\n"
}