{
    "País anfitrião\n": "Áustria\n",
    "Slogan\n": "Be Part of It! (pt: Seja parte disso!)\n",
    "Países participantes\n": "70 CONs[1]\n",
    "Atletas\n": "1 059\n",
    "Eventos\n": "63 em 7 esportes\n",
    "Cerimônia de abertura\n": "13 de janeiro\n",
    "Cerimônia de encerramento\n": "22 de janeiro\n",
    "Abertura oficial\n": "Heinz Fischer, Presidente da Áustria\n",
    "Juramento do atleta\n": "Christina Ager\n",
    "Juramento do árbitro\n": "Peter Zenz\n",
    "Tocha olímpica\n": "Egon Zimmermann, Franz Klammer e Paul Gerstgraser\n",
    "Estádio principal\n": "Bergiselschanze\n",
    "Lillehammer 2016→\n": "",
    "": ""
}