{
    "Nascimento\n": "2 de outubro de 1933 (91 anos)Dippenhall\n",
    "Residência\n": "Inglaterra\n",
    "Nacionalidade\n": "britânico\n",
    "Cidadania\n": "Reino Unido\n",
    "Progenitores\n": ".mw-parser-output .plainlist ol,.mw-parser-output .plainlist ul{line-height:inherit;list-style:none;margin:0;padding:0}.mw-parser-output .plainlist ol li,.mw-parser-output .plainlist ul li{margin-bottom:0}William Nathaniel Gurdon\n",
    "Alma mater\n": "Christ ChurchEton CollegeEdgeborough School",
    "Ocupação\n": "biólogo, médico, professor universitário\n",
    "Distinções\n": "Prémio Albert Brachet(1967), Prêmio Paul Ehrlich e Ludwig Darmstaedter(1977), Prêmio Charles-Leopold Mayer(1984), Medalha Real(1985), International Prize for Biology(1987), Prêmio Wolf de Medicina(1989), Medalha Edwin Grant Conklin (2001), Medalha Copley(2003), Prêmio Albert Lasker de Pesquisa Médica Básica (2009), Nobel de Fisiologia ou Medicina(2012)\n",
    "Empregador(a)\n": "Universidade de Oxford, Universidade de Cambridge, Instituto de Tecnologia da Califórnia\n",
    "Orientador(a)(es/s)\n": "Michael Fischberg\n",
    "Instituições\n": "Universidade de Oxford, Universidade de Cambridge\n",
    "Campo(s)\n": "Biologia e Biologia do desenvolvimento\n",
    "Tese\n": "1961: Studies on nucleocytoplasmic relationships during differentiation in vertebrates\n"
}