{
    "Nomecompleto\n": "John Felix Anthony Cena\n",
    "Nascimento\n": "23 de abrilde1977(47 anos)West Newbury,Massachusetts\n",
    "Residência\n": "Tampa, Flórida[1]\n",
    "Alma mater\n": "Faculdade de Springfield\n",
    "Ocupação\n": "lutador profissional, ator, rapper\n",
    "Período ematividade\n": "1999–presente (lutador)2000–presente (ator)2004–2005, 2014 (rapper)\n",
    "Patrimôniolíquido\n": " $ 35 milhões (2016)[2]\n",
    "Cônjuge(s)\n": "Elizabeth Huberdeau (c.2009;div.2012)\nShay Shariatzadeh (c.2020)\n",
    "Parceira(s)\n": "Nikki Bella (2012–2018)\n",
    "Nome(s)no ringue\n": "John Cena[3]Juan Cena[4]The Prototype[5]\n",
    "Alturaanunciada\n": "1,85 m (6,1 ft)[6]\n",
    "Pesoanunciado\n": "114 kg (250 lb)[6]\n",
    "Anunciadode\n": "\"Confidencial\" (UPW)[7]West Newbury, Massachusetts (WWE)[6]\"West Newbarnia, México\" (como Juan Cena)[8]\n",
    "Treinado por\n": "Ultimate Pro Wrestling[7]Ohio Valley Wrestling[4]\n",
    "Estreia\n": "5 de novembro de 1999[9]\n"
}