{
    "Papa\n": "Francisco\n",
    "Arcebispo metropolita\n": "Paulo Jackson Nóbrega de Sousa\n",
    "Diocese\n": "Diocese de Nazaré\n",
    "Nomeação\n": "7 de novembro de 1986\n",
    "Predecessor\n": "Manuel Lisboa de Oliveira\n",
    "Sucessor\n": "Severino Batista de França, O.F.M.Cap.\n",
    "Mandato\n": "1985 - 2006\n",
    "Ordenação presbiteral\n": "10 de janeiro de 1965\n",
    "Nomeação episcopal\n": "15 de março de 1981\n",
    "Ordenação episcopal\n": "14 de junho de 1981por Epaminondas José de Araújo\n",
    "Lema episcopal\n": "SEGREGATUS IN EVANGELIUMescolhido para evangelizar\n",
    "Brasão episcopal\n": "\n",
    "Nascimento\n": "Palmeira dos Índios14 de junhode1935(89 anos)\n",
    "Nacionalidade\n": "brasileiro\n",
    "Funções exercidas\n": "-Bispo de Caxias do Maranhão (1981-1985)\n"
}