{
    "Período\n": "8 de junho de 1892a 16 de junho de 1892\n",
    "Antecessor(a)\n": "Junta governativa gaúcha de 1891\n",
    "Sucessor(a)\n": "Vitoriano Ribeiro Carneiro Monteiro\n",
    "Nascimento\n": "17 de fevereiro de 1824 Porto Alegre, RS\n",
    "Morte\n": "18 de agostode1893(69 anos)\n",
    "Nacionalidade\n": "brasileiro\n",
    "Progenitores\n": "Mãe: Flora Correia da CâmaraPai: José Antônio Fernandes de Lima\n",
    "Cônjuge\n": "Maria Rita Fernandes Pinheiro\n",
    "Partido\n": "Partido Liberal\n",
    "Profissão\n": "militar e político\n",
    "Lealdade\n": "Brasil\n",
    "Serviço/ramo\n": "Exército Brasileiro\n",
    "Anos de serviço\n": "1839-1893\n",
    "Graduação\n": " Marechal\n",
    "Conflitos\n": "Guerra dos FarraposGuerra do PrataGuerra do UruguaiGuerra do Paraguai\n"
}