{
    "Período\n": "16 de janeiro de 1822até 16 de julho de 1823\n",
    "Monarca\n": "Pedro I\n",
    "Antecessor(a)\n": "Cargo criado\n",
    "Sucessor(a)\n": "José Joaquim Carneiro de Campos\n",
    "Nome completo\n": "José Bonifácio de Andrada e Silva\n",
    "Nascimento\n": "13 de junho de 1763 Santos, Capitania de São Paulo\n",
    "Morte\n": "6 de abrilde1838(74 anos) Niterói, Província do Rio de Janeiro\n",
    "Nacionalidade\n": "brasileiro\n",
    "Progenitores\n": "Mãe: Maria Bárbara da SilvaPai: Bonifácio José Ribeiro de Andrada\n",
    "Alma mater\n": "Universidade de Coimbra\n",
    "Esposa\n": "Narcisa Emília O'Leary\n",
    "Filhos(as)\n": "Carlota Emília  •  Gabriella Frederica  •  Narcisa Cândida\n",
    "Profissão\n": "naturalistaestadistapoeta\n",
    "Assinatura\n": "\n"
}