{
    "Nascimento\n": "14 de junho de 1945Bleckede, próximo de Lüneburg, Baixa Saxônia, Alemanha\n",
    "Morte\n": "27 de maio de 2007 (61 anos)Düsseldorf, Renânia do Norte-Vestfália, Alemanha\n",
    "Causa da morte\n": "Esclerose lateral amiotrófica\n",
    "Nacionalidade\n": "Alemão\n",
    "Etnia\n": "Caucasiano, Raça ariana, Nórdica\n",
    "Ocupação\n": "Pintor\n",
    "Principais trabalhos\n": "Riesa\n",
    "Movimento literário\n": "Descosntruitivismo  Neue Wilde\n",
    "Escola/tradição\n": "Städelschule\n",
    "Título\n": "Graduação e Início da Carreira , recebido em Entre 1967 (58 anos) a 1977 (48 anos) Casamento, recebido em 1984 (41 anos) Aposentadoria , recebido em 1998 (27 anos)\n",
    "Religião\n": "Cristão\n",
    "Website\n": "\n«Jörg Immendorff bei artnet»(em alemão)\n"
}