{
    "Período\n": "6 de dezembro de 1829a 5 de dezembro de 1832\n",
    "Antecessor(a)\n": "Juan José Viamonte\n",
    "Sucessor(a)\n": "Juan Ramón Balcarce\n",
    "Nome completo\n": "Juan Manuel José Domingo Ortiz de Rosas\n",
    "Nascimento\n": "30 de março de 1793 Buenos Aires,  Rio da Prata\n",
    "Morte\n": "14 de março de 1877 (83 anos) Southampton,Reino Unido\n",
    "Progenitores\n": "Mãe: Agustina López de OsornioPai: León Ortiz de Rozas\n",
    "Esposa\n": "Encarnación Ezcurra (1813–1838)\n",
    "Partido\n": "Unitário (1820–1826)Federal (1826–1852)\n",
    "Religião\n": "Catolicismo\n",
    "Assinatura\n": "\n"
}