{
    "Nascimento\n": "Juan de Fermoselle12 de julho de 1468salamanca\n",
    "Morte\n": "1529 (60–61 anos)Chinchón\n",
    "Cidadania\n": "Espanha\n",
    "Alma mater\n": ".mw-parser-output .plainlist ol,.mw-parser-output .plainlist ul{line-height:inherit;list-style:none;margin:0;padding:0}.mw-parser-output .plainlist ol li,.mw-parser-output .plainlist ul li{margin-bottom:0}Universidade de Salamanca\n",
    "Ocupação\n": "poeta, dramaturga, compositor, escritor\n",
    "Obras destacadas\n": "Arte de poesía castellana, Cancionero\n",
    "Religião\n": "catolicismo\n"
}