{
    "Nome completo\n": "Julie Anne Smith\n",
    "Nascimento\n": "3 de dezembro de 1960 (64 anos)Fayeteville, Carolina do Norte\n",
    "Nacionalidade\n": "norte-americanabritânica[1][2]\n",
    "Ocupação\n": "Atriz\n",
    "Atividade\n": "1983-presente\n",
    "Cônjuge\n": ".mw-parser-output .plainlist ol,.mw-parser-output .plainlist ul{line-height:inherit;list-style:none;margin:0;padding:0}.mw-parser-output .plainlist ol li,.mw-parser-output .plainlist ul li{margin-bottom:0}John Gould Rubin(c.1986–95)Bart Freundlich(c.2003)\n",
    "Filho(a)(s)\n": "2\n"
}