{
    "Nascimento\n": "14 de abril de 1951 (73 anos)Londres\n",
    "Cidadania\n": "Reino Unido\n",
    "Progenitores\n": ".mw-parser-output .plainlist ol,.mw-parser-output .plainlist ul{line-height:inherit;list-style:none;margin:0;padding:0}.mw-parser-output .plainlist ol li,.mw-parser-output .plainlist ul li{margin-bottom:0}William Lloyd WebberJean Hermione Johnstone\n",
    "Cônjuge\n": "Celia Mary Ballantyne, Zohra Ghazi, Kheira Bourahla, Jiaxin Cheng\n",
    "Filho(a)(s)\n": "David Lloyd Webber\n",
    "Irmão(ã)(s)\n": "Andrew Lloyd Webber\n",
    "Alma mater\n": "Royal College of MusicWetherby SchoolWestminster Under School",
    "Ocupação\n": "compositor, professor de música, violoncelista, intérprete, coreógrafo, músico\n",
    "Distinções\n": "Brit Award for Classical RecordingOficial da Ordem do Império Britânico",
    "Instrumento\n": "violoncelo\n"
}