{
    "Tipo\n": "Ciência planetária\n",
    "Operador(es)\n": "Agência Espacial Europeia\n",
    "Duração da missão\n": "Fase de cruzeiro: 7,6 anosFase científica: 3,5 anos1 ano, 11 meses e 24 dias (em andamento)\n",
    "Fabricante\n": "Airbus Defence and Space\n",
    "Massa de lançamento\n": "4800 kg[1]\n",
    "Massa\n": "1900 kg[1]\n",
    "Potência elétrica\n": "820 watts[2] a partir de uma célula solar de 100 m2[3]\n",
    "Geração de energia\n": "Painel solar fotovoltaico\n",
    "Contratante(s)\n": "Arianespace\n",
    "Data de lançamento\n": "14 de abril de 2023, 12:14 UTC\n",
    "Veículo de lançamento\n": "Ariane 5[4]\n",
    "Local de lançamento\n": "Centro Espacial de Kourou\n",
    "Destino\n": "Calisto (satélite)\nEuropa (satélite)Ganímedes (satélite)Júpiter\n"
}