{
    "Nome denascimento\n": "Jussier da Silva Vieira\n",
    "Nascimento\n": "14 de abril de 1985 (39 anos)Natal, Rio Grande do NorteBrasil\n",
    "Nacionalidade\n": "brasileiro\n",
    "Outros nomes\n": "Formiga\n",
    "Altura\n": "1,65 m\n",
    "Peso\n": "57 kg\n",
    "Divisão\n": "Peso-mosca\n",
    "Envergadura\n": "170 cm\n",
    "Modalidade\n": "Jiu-jitsu, judô\n",
    "Organização(ões)\n": "Shooto (2008-2012)UFC (2012-presente)\n",
    "Equipe\n": "American Top Team\n",
    "Período em atividade\n": "2005–presente\n",
    "Total\n": "31\n",
    "Vitórias\n": "23\n",
    "Por finalização\n": "10\n",
    "Por decisão\n": "4\n",
    "Derrotas\n": "8\n",
    "Por nocaute\n": "4\n"
}