{
    "Nascimento\n": "12 de julho de 1751Cuvilly, região de Picardia, França\n",
    "Morte\n": "8 de abrilde1816(64 anos)Namur, região da Valônia, Bélgica\n",
    "Nome de nascimento\n": "Marie-Rose-Julie Billiart\n",
    "Nome religioso\n": "Irmã Julie Billiart\n",
    "Progenitores\n": "Mãe: Marie DebrainePai: Jean-François Billiar\n",
    "Beatificação\n": "13 de maio de 1906Romapor Papa Pio X\n",
    "Canonização\n": "22 de junho de 1969Romapor Papa Paulo VI\n",
    "Festa litúrgica\n": "8 de Abril\n"
}