{
    "Nascimento\n": "180Homs\n",
    "Morte\n": "11 de março de 222Roma\n",
    "Cidadania\n": "Roma Antiga\n",
    "Progenitores\n": ".mw-parser-output .plainlist ol,.mw-parser-output .plainlist ul{line-height:inherit;list-style:none;margin:0;padding:0}.mw-parser-output .plainlist ol li,.mw-parser-output .plainlist ul li{margin-bottom:0}Júlio ÁvitoJúlia Mesa\n",
    "Cônjuge\n": "Sexto Vário Marcelo\n",
    "Filho(a)(s)\n": "Desconhecido, Heliogábalo\n",
    "Irmão(ã)(s)\n": "Júlia Ávita Mameia\n",
    "Ocupação\n": "política\n"
}