{
    "Nome completo\n": "Chad Allegra\n",
    "Nascimento\n": "18 de janeiro de 1980 (45 anos)[1]Asheville, Carolina do Norte[2]\n",
    "Cônjuge(s)\n": "Christine Bui\n",
    "Filho(s)\n": "4\n",
    "Nome(s)de ringue\n": "Chad 2 Badd[3]Chad Allegra[3]Karl Anderson[3]Killshot\n",
    "Alturaanunciada\n": "6 ft 1 in (1,85 m)[4]\n",
    "Pesoanunciado\n": "215 lb (98 kg)[4]\n",
    "Anunciadode\n": "Cincinnati. OhioTóquio,Japão\n",
    "Treinadopor\n": "Les ThatcherRoger Ruffen\n",
    "Estreia\n": "10 de maio de 2002[2]\n"
}