{
    "Nome completo\n": "Kenneth George Doane Jr.\n",
    "Nascimento\n": "16 de março de 1986 (39 anos)[1][2]Southbridge, Massachusetts[1][2]\n",
    "Família\n": "Ken Doane Sr. (pai)Vicky Doane (mãe) Mike Doane (irmão)\n",
    "Nome(s)de ringue\n": "El Diablo[1]Ken Doane[1][3]Kenn Doane[4]Kenn Phoenix[1]Kenny[5]Kenny Dykstra[5]Stan Shooter[6]\n",
    "Alturaanunciada\n": "6 ft 4 in (1,93 m)[5]\n",
    "Pesoanunciado\n": "230 lb (104 kg)[5]\n",
    "Anunciadode\n": "Worcester[7]\n",
    "Treinadopor\n": "Killer Kowalski[3]Ohio Valley Wrestling[3]\n",
    "Estreia\n": "2001[3]\n"
}