{
    "Nome completo\n": "Kristine Tsuya Yamaguchi-Hedican\n",
    "Categoria\n": "Individual feminino e Duplas\n",
    "Representante\n": "Estados Unidos\n",
    "Nascimento\n": "12 de julho de 1971 (53 anos)Hayward, Califórnia, Estados Unidos\n",
    "Nacionalidade\n": "estadunidense\n",
    "Compleição\n": "Peso: 42 kg • Altura: 1,52 m\n",
    "Ex-parceiro(a)(s)\n": "Rudy Galindo\n",
    "Clube\n": "Edmonton Royal Glenora Club\n",
    "\nMedalhasCompetidora dosEstados UnidosJogos OlímpicosOuroAlbertville 1992Individual femininoCampeonato MundialOuroOakland 1992Individual femininoOuroMunique 1991Individual femininoCampeonato Mundial JúniorOuroBrisbane 1988Individual femininoOuroBrisbane 1988DuplasBronzeKitchener 1987Duplas\n": "Ouro",
    "Ouro": "Brisbane 1988",
    "Bronze": "Kitchener 1987"
}