{
    "Nascimento\n": "19 de setembro de 1802Monok\n",
    "Morte\n": "20 de março de 1894 (91 anos)Turim\n",
    "Sepultamento\n": "Cemitério de Kerepesi\n",
    "Cidadania\n": "Hungria\n",
    "Filho(a)(s)\n": "Ferenc Kossuth, Lajos Tódor Károly Kossuth\n",
    "Irmão(ã)(s)\n": "Zsuzsanna Kossuth\n",
    "Alma mater\n": ".mw-parser-output .plainlist ol,.mw-parser-output .plainlist ul{line-height:inherit;list-style:none;margin:0;padding:0}.mw-parser-output .plainlist ol li,.mw-parser-output .plainlist ul li{margin-bottom:0}Lutheran College of PrešovSárospatak Reformed College\n",
    "Ocupação\n": "economista, jornalista, político, advogado\n",
    "Distinções\n": "honorary citizen of Miskolc (1886)honorary citizen of Mukachevo (1886)honorary citizen of Csongrádcidadão honorário de Szentes (1887)honorary citizen of Győr (1888)\n",
    "Religião\n": "luteranismo\n",
    "Causa da morte\n": "gripe\n"
}