{
    "Nome completo\n": "Brian Zachary Pillman\n",
    "Nascimento\n": "9 de setembro de 1993 (31 anos)Erlanger, Kentucky, Estados Unidos\n",
    "Família\n": "Brian Pillman (pai)\n",
    "Nome(s)de ringue\n": "Alex KingBrian Pillman IIBrian Pillman Jr.Lexis King\n",
    "Alturaanunciada\n": "6 ft 1 in (1,85 m)[1]\n",
    "Pesoanunciado\n": "225 lb (100 kg)[1]\n",
    "Anunciadode\n": "Cincinnati, Ohio\n",
    "Treinadopor\n": "Lance StormRip Rogers\n",
    "Estreia\n": "18 de dezembro de 2017\n"
}