{
    "Nome completo\n": "Márcio Leonardo Maia Gomes da Silva\n",
    "Nascimento\n": "11 de março de 1974 (51 anos)[1]Rio de Janeiro, RJ\n",
    "Progenitores\n": "Mãe: Geisa MaiaPai: Tim Maia\n",
    "Ocupação\n": "cantorcompositorinstrumentista\n",
    "Período musical\n": "1990–presente[2]\n",
    "Gênero(s)\n": "MPBsoulblack musicsambasamba-funkgospel\n",
    "Instrumento(s)\n": "vocalguitarraviolão\n",
    "Gravadora(s)\n": "LGK Music, Som Livre, Indie Records\n",
    "Influência(s)\n": "CassianoPaulinho Guitarra\n",
    "Religião\n": "evangelicalismo\n"
}