{
    "Nascimento\n": "9 de setembro de 1828Iasnaia Poliana, perto deTula,Império Russo\n",
    "Morte\n": "20 de novembrode1910(82 anos)Astapovo,Ryazan, Império Russo\n",
    "Residência\n": "Yapeeva Street, Dzerzhinsky Street, 11/2, Tolstoy Urama, 25/68, Pyatnitskaya Street, Lev Tolstoy Street, Denezhnyy Lane\n",
    "Sepultamento\n": "Iasnaia Poliana\n",
    "Nacionalidade\n": "russa\n",
    "Cidadania\n": "Império Russo\n",
    "Progenitores\n": ".mw-parser-output .plainlist ol,.mw-parser-output .plainlist ul{line-height:inherit;list-style:none;margin:0;padding:0}.mw-parser-output .plainlist ol li,.mw-parser-output .plainlist ul li{margin-bottom:0}Nikolay TolstoyMariya Volkonskaya\n",
    "Cônjuge\n": "Sofia Tolstói  (de 1862 até sua morte em 1910)\n",
    "Filho(a)(s)\n": "14\n",
    "Irmão(ã)(s)\n": "Mariya Tolstaya, Nikolay Tolstoy\n",
    "Alma mater\n": "Kazan Imperial University",
    "Ocupação\n": "Escritor, Novelista, Ensaísta, Filósofo\n",
    "Distinções\n": "Order of Saint Anna, 4th classMedal For defence of SebastopolMedal In memory of Crimean WarMedal In memory of 50th anniversary of defence of Sevastopol",
    "Empregador(a)\n": "Academia Russa de Ciências\n",
    "Género literário\n": "romance\n",
    "Movimento literário\n": "Realismo\n",
    "Obras destacadas\n": "Guerra e PazAna KareninaA Morte de Ivan Ilitch\n",
    "Movimento estético\n": "realismo literário\n",
    "Título\n": "graf\n",
    "Religião\n": "Cristianismo\n",
    "Ideologia política\n": "anarquismo cristão, pacifismo, georgismo\n",
    "Causa da morte\n": "pneumonia\n"
}