{
    "Nome completo\n": "Amy Christine Dumas\n",
    "Nascimento\n": "14 de abrilde1975(49 anos)[1][2]Fort Lauderdale, Florida[1][2]\n",
    "Residência\n": "Atlanta, Georgia\n",
    "Nome(s)de ringue\n": "Angelica[3]Lita[3]Miss Congeniality[3]\n",
    "Alturaanunciada\n": "5 ft 7 in (1,70 m)[4]\n",
    "Pesoanunciado\n": "61kg[1]\n",
    "Anunciadode\n": "Sanford, Carolina do Norte[4]Atlanta, Georgia\n",
    "Treinadopor\n": "Dory Funk, Jr.[4]Ricky Santana[1]Ace Steel[1]Kevin Quinn[1]Miguel Pérez[3]Leilani Kai[3]Dave Finlay[3]El Dandy\n",
    "Estreia\n": "12 de fevereriro de 1999[3]\n",
    "Aposentadoria\n": "2006 (primeira aposentadoria)2023 (segunda aposentadoria)\n"
}