{
    "Nomecompleto\n": "Valerie Loureda\n",
    "Nascimento\n": "19 de julhode1998(26 anos)Miami, Flórida[1]\n",
    "Nome(s)no ringue\n": "Lola Vice[2]Valerie Loureda\n",
    "Alturaanunciada\n": "5 ft 4 in (1,63 m)[2]\n",
    "Pesoanunciado\n": "128 lb (58 kg)[2]\n",
    "Anunciada de\n": "Miami, Flórida[1]\n",
    "Treinadores\n": "WWE Performance CenterSara Amato[2]\n",
    "Estreia\n": "2019\n",
    "Altura\n": "5 ft 4 in (1,63 m)\n",
    "Peso\n": "125 lb (57 kg)\n",
    "Divisão\n": "Peso-mosca\n",
    "Time\n": "American Top Team\n",
    "Total\n": "5\n",
    "Vitórias\n": "4\n",
    "Por nocaute\n": "2\n",
    "Por decisão\n": "1\n",
    "Derrotas\n": "1\n"
}