{
    "Nome completo\n": "Marcel Barthel\n",
    "Nascimento\n": "8 de julho de 1990 (34 anos)[1]Pinneberg, Eslésvico-Holsácia, Alemanha\n",
    "Cônjuge(s)\n": "Tiffany Stratton (2022-presente)\n",
    "Família\n": "Axel Dieter (pai)\n",
    "Nome(s)de ringue\n": "Axel Dieter Jr.Ludwig KaiserMarcel Barthel\n",
    "Alturaanunciada\n": "6 ft 3 in (1,91 m)[2]\n",
    "Pesoanunciado\n": "209 lb (95 kg)[2]\n",
    "Anunciadode\n": "Hamburgo, Alemanha[1]\n",
    "Treinadopor\n": "Axel DieterChristian EcksteinKarsten Kretschmer[3]\n",
    "Estreia\n": "1 de março de 2008\n"
}