{
    "Período\n": "28 de agosto de 1943 a 12 de maio de 1980\n",
    "Antecessor(a)\n": "Antônio Maciel Bonfim\n",
    "Sucessor(a)\n": "Giocondo Dias\n",
    "Alcunha(s)\n": "Cavaleiro da Esperança\n",
    "Nascimento\n": "3 de janeiro de 1898 Porto Alegre, RS\n",
    "Morte\n": "7 de marçode1990(92 anos) Rio de Janeiro, RJ\n",
    "Nacionalidade\n": "brasileiro\n",
    "Alma mater\n": "Escola Militar do Realengo\n",
    "Cônjuge\n": "Olga Benário (1934-1942)Maria Prestes (1950-1990)\n",
    "Filhos(as)\n": "Anita Leocádia PrestesZoia Prestes\n",
    "Partido\n": "PCB (1934-1980)\n",
    "Profissão\n": "engenheiro militar\n",
    "Assinatura\n": "\n",
    "Anos de serviço\n": "1919-1936\n",
    "Graduação\n": " Capitão\n"
}