{
    "Título\n": "Primaz do Brasil\n",
    "Diocese\n": "Arquidiocese de São Salvador da Bahia\n",
    "Nomeação\n": "13 de maio de 1881\n",
    "Predecessor\n": "Joaquim Gonçalves de Azevedo\n",
    "Sucessor\n": "Antônio de Macedo Costa\n",
    "Mandato\n": "1881 - 1890\n",
    "Ordenação presbiteral\n": "21 de setembro de 1841\n",
    "Nomeação episcopal\n": "18 de setembro de 1860\n",
    "Ordenação episcopal\n": "14 de abril de 1861por Antônio Ferreira Viçoso, C.M.\n",
    "Nomeado arcebispo\n": "13 de maio de 1881\n",
    "Nascimento\n": "Angra dos Reis3 de março de 1817\n",
    "Morte\n": "Salvador11 de marçode1891(74 anos)\n",
    "Funções exercidas\n": "-Bispo do Ceará (1860-1881)\n"
}