{
    "Nomes\n": "The Bludgeon BrothersLuke Harper e Erick RowanThe Wyatt Family\n",
    "Membros\n": "Luke Harper /HarperErick Rowan /Rowan\n",
    "Alturas\n": "Harper:6 ft 5 in (1,96 m)Rowan:6 ft 8 in (2,03 m)\n",
    "Pesocombinado\n": "590 lb (270 kg)Harper:275 lb (120 kg)Rowan:315 lb (140 kg)\n",
    "Promoções\n": "NXTWWE\n",
    "Estreia\n": "22 de junho de 2012\n",
    "Separação\n": "14 de outubro de 2019\n",
    "Período ematividade\n": "2012–20142015–20162017–2019\n"
}