{
    "Nome completo\n": "Maria Paula Gonçalves da Silva\n",
    "Apelido\n": "Magic Paula\n",
    "Modalidade\n": "Basquetebol\n",
    "Representante\n": "Brasil\n",
    "Nascimento\n": "11 de marçode1962(63 anos)Osvaldo Cruz, São Paulo\n",
    "Nacionalidade\n": "Brasil\n",
    "Compleição\n": "Altura: 1,74 m\n",
    "Posição\n": "Armadora\n",
    "\nMedalhasCompetidora doBrasilJogos OlímpicosPrataAtlanta 1996EquipeCampeonatos MundiaisOuroAustrália 1994EquipeJogos Pan-AmericanosOuroHavana 1991Basquete Fem.\n": "Prata",
    "Prata": "Atlanta 1996",
    "Ouro": "Havana 1991"
}