{
    "Período\n": "(19ª legislatura) 1885a 1886\n",
    "Antecessor(a)\n": "Rodolfo Epifânio de Sousa Dantas\n",
    "Sucessor(a)\n": "João Ferreira de Moura\n",
    "Nascimento\n": "12 de outubro de 1831 Desterro,Santa Catarina, Império do Brasil\n",
    "Morte\n": "11 de marçode1907(75 anos) Niterói,Rio de Janeiro, Brasil\n",
    "Nacionalidade\n": "brasileiro\n",
    "Progenitores\n": "Mãe: Maria Rita da Conceição MafraPai: Marcos Antônio da Silva Mafra\n",
    "Alma mater\n": "Faculdade de Direito de São Paulo\n",
    "Partido\n": "Partido Liberal\n",
    "Profissão\n": "advogado\n"
}