{
    "Nascimento\n": "11 de abril de 1772Madrid\n",
    "Morte\n": "11 de março de 1857 (84 anos)Madrid\n",
    "Sepultamento\n": "Cemitério de La Almudena\n",
    "Cidadania\n": "Espanha\n",
    "Alma mater\n": ".mw-parser-output .plainlist ol,.mw-parser-output .plainlist ul{line-height:inherit;list-style:none;margin:0;padding:0}.mw-parser-output .plainlist ol li,.mw-parser-output .plainlist ul li{margin-bottom:0}Universidade de Salamanca\n",
    "Ocupação\n": "escritor, poeta, político\n"
}