{
    "Nome completo\n": "Marcel Ruschel Stürmer\n",
    "Modalidade\n": "Patinação artística\n",
    "Nascimento\n": "27 de julho de 1985 (39 anos)Lajeado, RS\n",
    "Nacionalidade\n": "brasileira\n",
    "Compleição\n": "Peso: 68 kg • Altura: 1,73m\n",
    "\nMedalhasJogos MundiaisOuroCáli 2013IndividualBronzeKaohsiung 2009IndividualCampeonatos MundiaisPrataBrasília 2011IndividualPrataAuckland 2012IndividualBronzeKaohsiung 2008IndividualBronzePortimão 2010IndividualJogos Pan-AmericanosOuroSanto Domingo 2003IndividualOuroRio de Janeiro 2007IndividualOuroGuadalajara 2011IndividualOuroToronto 2015IndividualJogos Sul-AmericanosOuroBuenos Aires 2006IndividualPrataMedellín 2010IndividualCampeonato Mundial JúniorBronzeWuppertal 2002IndividualBronzeBuenos Aires 2003Individual\n": "Ouro",
    "Ouro": "Buenos Aires 2006",
    "Bronze": "Buenos Aires 2003",
    "Prata": "Medellín 2010"
}