{
    "País\n": "Brasil\n",
    "Corporação\n": "Forças Armadas do Brasil\n",
    "Subordinação\n": "Ministério da Defesa\n",
    "Missão\n": "“Preparar e empregar o poder naval, a fim de contribuir para defesa da pátria; para garantia dos poderes constitucionais e, por iniciativa de qualquer destes, da lei e da ordem; para o cumprimento das atribuições subsidiárias previstas em lei; e para apoio à política externa.”\n",
    "Sigla\n": "MB[2]\n",
    "Criação\n": "1822[3]\n",
    "Aniversários\n": "11 de junho[4]\n",
    "Patrono\n": "Joaquim Marques Lisboa\n",
    "Marcha\n": "Cisne Branco[5][6]\n",
    "Lema\n": "\"Protegendo nossas riquezas, cuidando da nossa gente\"[7][8][9]\n",
    "Guerras/batalhas\n": "Guerra da Independência (1821–1824)Confederação do Equador (1824)Guerra da Cisplatina (1825–1828)Cabanagem (1835-1840)Guerra dos Farrapos (1835–1845)Balaiada (1835-1841)Guerra do Prata (1851–1852) Guerra do Uruguai (1864–1865)Guerra do Paraguai (1864–1870)Revolta da Armada (1893-1894)Revolução Federalista (1893-1895)Primeira Guerra Mundial (1917-1918)Revolução Constitucionalista de 1932 (1932)Segunda Guerra Mundial (1942-1945)Guerra da Lagosta (1962-1963)Guerrilha do Araguaia (1972-1974)Missões da ONUHaiti (2004–2017)Líbano (2011–2020)\n",
    "Efetivo\n": "81 040[10]\n",
    "Ensign\n": "\n",
    "Jaque\n": "\n",
    "Bandeira\n": "\n",
    "Distintivo\n": "\n",
    "Comandante em chefe\n": "Presidente Luiz Inácio Lula da Silva\n",
    "Comandante\n": "Almirante de Esquadra Marcos Sampaio Olsen\n",
    "Comandantesnotáveis\n": "Thomas CochraneJohn Pascoe GrenfellJoaquim Marques LisboaFrancisco Manuel BarrosoJoaquim José InácioPedro Max Frontin\n",
    "Página oficial\n": "Página oficialTV da Marinha\n"
}