{
    "País\n": "Reino Unido\n",
    "Subordinação\n": "Serviço Naval de Sua Majestade\n",
    "Missão\n": "Guerra naval\n",
    "Tipo de unidade\n": "Marinha\n",
    "Sigla\n": "RN\n",
    "Criação\n": "1546[1]\n",
    "Marcha\n": "\"Heart of Oak\" Playⓘ\n",
    "Lema\n": "\"Si vis pacem, para bellum\"\"Se deseja a paz, prepare-se para a guerra\"\n",
    "Cores\n": "Vermelho e branco \n",
    "Guerras/batalhas\n": "Primeira Guerra Anglo-HolandesaSegunda Guerra Anglo-HolandesaTerceira Guerra Anglo-HolandesaGuerra dos Nove AnosGuerra da Sucessão EspanholaGuerra da Orelha de JenkinsGuerra de Sucessão AustríacaGuerra dos Sete AnosGuerra de Independência dos Estados UnidosGuerras Revolucionárias FrancesasGuerras NapoleônicasGuerra Anglo-Americana de 1812Primeira Guerra MundialSegunda Guerra MundialGuerra das MalvinasGuerra do GolfoGuerra do KosovoGuerra do AfeganistãoInvasão do Iraque\n",
    "Efetivo\n": "32 369 efetivo da ativa (julho de 2023)[2]3 370 funcionários da Reserva (julho de 2023)[2]\n",
    "Navios comissionados\n": "70[3]\n",
    "Aeronaves\n": "160[4]\n",
    "Estandarte naval\n": "\n",
    "Jaque naval\n": "\n",
    "Galhardete\n": "\n",
    "Comandante em chefe\n": "Rei Carlos III\n",
    "Primeiro Lorde do Mar\n": "Almirante Sir Ben Key\n"
}