{
    "Período\n": "18 de novembro de 1851 – 20 de setembro de 1866\n",
    "Antecessor(a)\n": "Frederica de Mecklemburgo-Strelitz\n",
    "Sucessor(a)\n": "Tira da Dinamarca\n",
    "Nascimento\n": "14 de abril de 1818Hildburghausen, Ducado de Saxe-Altemburgo\n",
    "Morte\n": "9 de janeirode1907(88 anos)Gmunden, Áustria-Hungria\n",
    "Cônjuge\n": "Jorge V de Hanôver\n",
    "Descendência\n": "Ernesto Augusto, Príncipe Herdeiro de Hanôver Frederica de Hanôver Maria de Hanôver\n",
    "Pai\n": "José, Duque de Saxe-Altemburgo\n",
    "Mãe\n": "Amélia de Württemberg\n"
}