{
    "Nascimento\n": "28 de abril de 1952 (72 anos)Wilkes-Barre,Pensilvânia\n",
    "Residência\n": "Los Angeles\n",
    "Cidadania\n": "Estadunidense\n",
    "Cônjuge\n": "Randle Mell\n",
    "Alma mater\n": ".mw-parser-output .plainlist ol,.mw-parser-output .plainlist ul{line-height:inherit;list-style:none;margin:0;padding:0}.mw-parser-output .plainlist ol li,.mw-parser-output .plainlist ul li{margin-bottom:0}State University of New York at FredoniaIthaca High School\n",
    "Ocupação\n": "Atriz\n"
}