{
    "Nome completo\n": "Matthew Jason Bloom\n",
    "Nascimento\n": "14  de novembro de 1972 (52 anos)[1]Peabody, Massachusetts[2]\n",
    "Residência\n": "Scottsdale, Arizona\n",
    "Nome(s)de ringue\n": "A-TrainAlbertBaldoGiant BernardJason AlbertLord TensaiMatt BloomPrince AlbertRusher RoadSweet TTensai\n",
    "Alturaanunciada\n": "6 ft 7 in (2,01 m)\n",
    "Pesoanunciado\n": "360 lb (163 kg)\n",
    "Anunciadode\n": "Boston,MassachusettsJapão\n",
    "Treinadopor\n": "Killer KowalskiDory Funk, Jr.\n",
    "Estreia\n": "4 de agosto de 1997\n",
    "Aposentadoria\n": "7 de agosto de 2014\n"
}