{
    "Nascimento\n": "11 de março de 1877Reims\n",
    "Morte\n": "16 de março de 1945 (68 anos)Buchenwald\n",
    "Cidadania\n": "França\n",
    "Progenitores\n": ".mw-parser-output .plainlist ol,.mw-parser-output .plainlist ul{line-height:inherit;list-style:none;margin:0;padding:0}.mw-parser-output .plainlist ol li,.mw-parser-output .plainlist ul li{margin-bottom:0}Gustave Halbwachs\n",
    "Filho(a)(s)\n": "Francis Halbwachs, Pierre Halbwachs\n",
    "Irmão(ã)(s)\n": "Jeanne Halbwachs\n",
    "Alma mater\n": "Escola Normal Superior de ParisUniversidade de Göttingenagregação de filosofiaUniversidade de Paris",
    "Ocupação\n": "sociólogo, psicólogo, filósofo, professor, estatístico\n",
    "Distinções\n": "Cavaleiro da Legião de HonraPrémio Montyon (1925)Prix Fabien (1939)Mort pour la FranceMedalha da Resistência (1955)\n",
    "Empregador(a)\n": "Universidade de Chicago, Collège de France, Universidade de Paris, Universidade de Estrasburgo, Universidade de Caen\n",
    "Causa da morte\n": "disenteria\n"
}