{
    "Nome completo\n": "Maxwell T. Friedman\n",
    "Nascimento\n": "15  de março de 1996 (29 anos)Nova Iorque, Estados Unidos\n",
    "Nome(s)de ringue\n": "Maxwell Jacob FriedmanMJFMaxwell Jacob FeinsteinPete LightningSandy Bunker[1]\n",
    "Alturaanunciada\n": "5 ft 11 in (1,80 m)[2]\n",
    "Pesoanunciado\n": "98 kg (216 lb)\n",
    "Anunciadode\n": "Plainview, Long Island, Nova Iorque[3]\n",
    "Treinadopor\n": "Pat BuckCurt Hawkins\n",
    "Estreia\n": "13 de fevereiro de 2015\n"
}