{
    "Período\n": "1 de outubrode1988a25 de dezembrode1991\n",
    "Antecessor(a)\n": "Ele mesmo como Presidente do Presidium\n",
    "Sucessor(a)\n": "Posição abolida\n",
    "Nome completo\n": "Mikhail Sergueievich Gorbatchov\n",
    "Nascimento\n": "2 de março de 1931 Stavropol, União Soviética\n",
    "Morte\n": "30 de agostode2022(91 anos) Moscou, Rússia\n",
    "Progenitores\n": "Mãe: Maria GopkaloPai: Serguei Gorbatchov\n",
    "Alma mater\n": "Universidade de Moscou\n",
    "Prêmio(s)\n": "Nobel da Paz (1990) Prêmio da Paz Albert Einstein(1990)\n",
    "Esposa\n": "Raíssa Gorbachova(1953–1999)\n",
    "Filhos(as)\n": "1\n",
    "Partido\n": "PCUS (1952–1991) PSDUR (2000–2001)PSDR (2001–2007)USD (2007–2017)\n",
    "Religião\n": "Ateísmo\n",
    "Profissão\n": "Jurista e agrônomo\n",
    "Assinatura\n": "\n",
    "Website\n": "The Gorbatchov Foundation\n"
}