{
    "Período\n": "1 de dezembro de 2000 a 12 de dezembro de 2005\n",
    "Vice-presidente\n": "Mahmoud Mekki\n",
    "Antecessor(a)\n": "Hosni Mubarak\n",
    "Sucessor(a)\n": "Mahmoud Abaza (interino)\n",
    "Nascimento\n": "8 de agosto de 1951 El-Adwah, Reino do Egito\n",
    "Morte\n": "17 de junhode2019(67 anos) Cairo, Egito\n",
    "Alma mater\n": "Universidade do CairoUniversidade do Sul da Califórnia\n",
    "Cônjuge\n": "Naglaa Mahmoud (c. 1979)\n",
    "Filhos(as)\n": "5\n",
    "Partido\n": "independente (2012-2019)Partido da Liberdade e da Justiça (2011-2012)\n",
    "Religião\n": "Islamismo\n",
    "Profissão\n": "engenheiro\n"
}