{
    "Nascimento\n": "12 de julho de 1825Horning\n",
    "Morte\n": "12 de novembro de 1914 (89 anos)Portsmouth\n",
    "Residência\n": "Inglaterra\n",
    "Cidadania\n": "Reino Unido da Grã-Bretanha e Irlanda\n",
    "Filho(a)(s)\n": "William Cubitt Cooke, Leila Annie Cooke\n",
    "Ocupação\n": "botânico, micologista, ilustrador\n",
    "Distinções\n": ".mw-parser-output .plainlist ol,.mw-parser-output .plainlist ul{line-height:inherit;list-style:none;margin:0;padding:0}.mw-parser-output .plainlist ol li,.mw-parser-output .plainlist ul li{margin-bottom:0}Medalha Linneana(1903)Medalha Vitória(1902)\n"
}