{
    "Nome completo\n": "Ernesto de Souza Andrade Junior\n",
    "Outros nomes\n": "Netinho da Bahia\n",
    "Nascimento\n": "12 de julho de 1966 (58 anos)Santo Antônio de Jesus, BA\n",
    "Nacionalidade\n": "Brasileiro\n",
    "Ocupação\n": "Cantorcompositor\n",
    "Gênero literário\n": "Axésamba-reggae\n",
    "Período musical\n": "1988–presente\n",
    "Instrumento(s)\n": "Vozviolãoguitarra\n",
    "Gravadora(s)\n": "PolyGram (1993–98)Universal (1998–2003)Bem Bolado (2004–presente)\n",
    "Afiliações\n": "ListaBanda Beijo\n",
    "Website\n": "Netinho.com.br\n"
}