{
    "Nome completo\n": "Nicole Mary Kidman\n",
    "Nascimento\n": "20 de junho de 1967 (57 anos)Honolulu, Havaí, Estados Unidos\n",
    "Nacionalidade\n": "australiananorte-americana\n",
    "Ocupação\n": "atriz e produtora de cinema\n",
    "Cônjuge\n": ".mw-parser-output .plainlist ol,.mw-parser-output .plainlist ul{line-height:inherit;list-style:none;margin:0;padding:0}.mw-parser-output .plainlist ol li,.mw-parser-output .plainlist ul li{margin-bottom:0}Tom Cruise(c.1990;div.2001)Keith Urban(c.2006)\n",
    "Filho(a)(s)\n": "4\nFaith Margaret Kidman-UrbanSunday Rose Kidman Urban\n"
}