{
    "Período\n": "16 de maio de 2007a 15 de maio de 2012\n",
    "Primeiro-ministro\n": "Albert Pintat (2007–2009)Jaume Bartumeu (2009–2011)Antoni Martí (2011–2012)\n",
    "Antecessor(a)\n": "Jacques Chirac\n",
    "Sucessor(a)\n": "François Hollande\n",
    "Co-Príncipe\n": "Joan Enric Vives i Sicília\n",
    "Nome completo\n": "Nicolas Paul Stéphane Sarkozy de Nagy-Bocsa\n",
    "Alcunha(s)\n": "Sarko\n",
    "Nascimento\n": "28 de janeirode1955(70 anos) Paris, Ilha de França\n",
    "Alma mater\n": "Universidade Paris Oeste Nanterre da DefesaInstituto de Estudos Políticos de Paris\n",
    "Esposa\n": "Marie Culioli (1982–1995)Cécilia Ciganer-Albéniz (1996–2007)Carla Bruni (2008–presente)\n",
    "Filhos(as)\n": "4, incluindo Jean\n",
    "Partido\n": "União por um Movimento Popular (2002–2015)Reagrupamento para a República (antes de2002)Os Republicanos (2015–presente)\n",
    "Religião\n": "catolicismo\n",
    "Profissão\n": "advogado\n",
    "Assinatura\n": "\n"
}