{
    "Nome completo\n": "Steven Haworth[1]\n",
    "Nascimento\n": "23 de janeiro de 1976 (49 anos)[2]Londres, Reino Unido[3]\n",
    "Residência\n": "Los Angeles, Califórnia\n",
    "Nome(s)de ringue\n": "Desmond Wolfe[1]Nigel McGuinness[1]\n",
    "Alturaanunciada\n": "6 ft 3 in (1,91 m)[4]\n",
    "Pesoanunciado\n": "225 lb (100 kg)[4]\n",
    "Anunciadode\n": "Londres, Reino Unido[4]\n",
    "Treinadopor\n": "Chic Cullen[5]Dave Taylor[5]Les Thatcher[1][6]Robbie Brookside[1]\n",
    "Estreia\n": "Setembro de 1999[1]\n",
    "Aposentadoria\n": "Dezembro de 2011[7][8]\n"
}