{
    "Tipo / Missão\n": "Caça de motor a pistão, monoposto, monoplano, monomotor de uso civil e militar\n",
    "País de origem\n": " Estados Unidos\n",
    "Fabricante\n": "North American Aviation\n",
    "Quantidade produzida\n": "+ 15 000\n",
    "Custo unitário\n": "US$50,985 em 1945\n",
    "Desenvolvido em\n": "North American F-82 Twin MustangPiper PA-48 Enforcer\n",
    "Primeiro voo em\n": "26 de outubro de 1940 (84 anos)\n",
    "Introduzido em\n": "janeiro de 1942\n",
    "Aposentado em\n": "1984 na Força Aérea da República Dominicana\n",
    "Variantes\n": "Ver texto\n",
    "Tripulação\n": "1\n",
    "Comprimento\n": "9,83 m (32,3 ft)\n",
    "Envergadura\n": "11,28 m (37,0 ft)\n",
    "Altura\n": "4,08 m (13,4 ft)\n",
    "Área das asas\n": "21,83 m² (235 ft²)\n",
    "Alongamento\n": "5.8\n",
    "Peso vazio\n": "3 465 kg (7 640 lb)\n",
    "Peso carregado\n": "4 175 kg (9 200 lb)\n",
    "Peso máx. de decolagem\n": "5 490 kg (12 100 lb)\n",
    "Motor(es)\n": "1 x Packard V-1650|Packard V-1650-7 V12 refrigerado a liquido\n",
    "Potência (por motor)\n": "1 490 hp (1 110 kW)\n",
    "Velocidade máxima\n": "703 km/h (380 kn)\n",
    "Velocidade de cruzeiro\n": "580 km/h (313 kn)\n",
    "Alcance (MTOW)\n": "2 755 km (1 710 mi)\n",
    "Teto máximo\n": "12 800 m (42 000 ft)\n",
    "Razão de subida\n": "16,3 m/s\n",
    "Metralhadoras / Canhões\n": "(P-51D) seis metralhadoras calibre .50 (12.7 mm)\n",
    "Foguetes\n": "6 ou 10 foguetes de 5' (127 mm)\n",
    "Bombas\n": "453 kg (999 lb) de bombas\n"
}