{
    "Atual campeã\n": "Stephanie Vaquer\n",
    "Conquista\n": "11 de março de 2025\n",
    "Promoção\n": "WWE\n",
    "Programa\n": "NXT\n",
    "Criação\n": "18 de abril de 2012\n",
    "\nEstatísticasPrimeira campeãPaigeMais reinados2 reinados:Shayna BaszlerCharlotte Flair[a]Roxanne PerezMaior reinadoAsuka(510 dias)[b]Menor reinadoKairi Sane(71 dias)Campeã maisvelhaShayna Baszler(38 anos, 81 dias)Campeã maisnovaPaige(20 anos, 307 dias)Campeã maispesadaCharlotte Flair(67 kg)Campeã maisleveKairi Sane(50 kg)\n": "Primeira campeã\n",
    "Primeira campeã\n": "Paige\n",
    "Mais reinados\n": "2 reinados:\nShayna BaszlerCharlotte Flair[a]Roxanne Perez\n",
    "Maior reinado\n": "Asuka (510 dias)[b]\n",
    "Menor reinado\n": "Kairi Sane (71 dias)\n",
    "Campeã maisvelha\n": "Shayna Baszler (38 anos, 81 dias)\n",
    "Campeã maisnova\n": "Paige (20 anos, 307 dias)\n",
    "Campeã maispesada\n": "Charlotte Flair (67 kg)\n",
    "Campeã maisleve\n": "Kairi Sane (50 kg)\n"
}