{
    "Nascimento\n": "17 de maio de 1897Oslo,Noruega\n",
    "Morte\n": "11 de marçode1981(83 anos)Oslo,Noruega\n",
    "Sepultamento\n": "Cemitério de Nosso Salvador\n",
    "Nacionalidade\n": "norueguês\n",
    "Cidadania\n": "Noruega\n",
    "Progenitores\n": ".mw-parser-output .plainlist ol,.mw-parser-output .plainlist ul{line-height:inherit;list-style:none;margin:0;padding:0}.mw-parser-output .plainlist ol li,.mw-parser-output .plainlist ul li{margin-bottom:0}Ernst August Hassel\n",
    "Alma mater\n": "Universidade de Oslo\n",
    "Ocupação\n": "physical chemist, químico, professor universitário, físico\n",
    "Distinções\n": "Nobel de Química(1969)\n",
    "Empregador(a)\n": "Universidade de Oslo\n",
    "Campo(s)\n": "química, química orgânica\n"
}