{
    "Nascimento\n": "9 de outubro de 1922Santiago de Cuba\n",
    "Morte\n": "12 de julho de 2010 (87 anos)Miami Beach\n",
    "Cidadania\n": "Cuba\n",
    "Ocupação\n": "atriz, cantora, música\n",
    "Distinções\n": ".mw-parser-output .plainlist ol,.mw-parser-output .plainlist ul{line-height:inherit;list-style:none;margin:0;padding:0}.mw-parser-output .plainlist ol li,.mw-parser-output .plainlist ul li{margin-bottom:0}Prêmio Grammy Latino à Excelência Musical(2007)\n",
    "Instrumento\n": "voz\n"
}