{
    "Período\n": "17 de fevereiro de 1988a 11 de dezembro de 1988\n",
    "Antecessor(a)\n": "Luiz Inácio Lula da Silva\n",
    "Sucessor(a)\n": "Luiz Gushiken\n",
    "Presidente\n": "Luiz Inácio Lula da Silva\n",
    "Nascimento\n": "10 de junho de 1941 (83 anos) São Luiz Gonzaga, RS[nota 1]\n",
    "Nacionalidade\n": "brasileiro\n",
    "Progenitores\n": "Mãe: Amélia de Oliveira DutraPai: Cassiano Xavier Dutra\n",
    "Alma mater\n": "Universidade Federal do Rio Grande do Sul (Graduação emLetras, 1971–1975, UFRGS)\n",
    "Prêmio(s)\n": "Ordem do Mérito Militar[1]\n",
    "Primeira-dama\n": "Judite Dutra(c.1968; m. 2022)\n",
    "Cônjuge\n": "Judite Dutra(c.1968; m. 2022)\n",
    "Partido\n": "PT (1980–presente)\n",
    "Religião\n": "Catolicismo\n",
    "Ocupação\n": "BancárioSindicalistaPolítico\n"
}