{
    "Nome completo\n": "Orígenes Themudo Lessa\n",
    "Nascimento\n": "12 de julho de 1903Lençóis Paulista\n",
    "Morte\n": "13 de julhode1986(83 anos)Rio de Janeiro\n",
    "Nacionalidade\n": "brasileiro\n",
    "Ocupação\n": "jornalista, contista, novelista, romancista, ensaísta e publicitário\n",
    "Prêmios\n": "Prêmio Antônio de Alcântara Machado (1939);\nPrêmio Carmem Dolores Barbosa(1955);Prêmio Fernando Chinaglia(1968);Prêmio Luísa Cláudio de Sousa(1972)\n",
    "Magnum opus\n": "O feijão e o sonho\n"
}