{
    "Reinado\n": "26 de maio de 961a 7 de dezembro de 983\n",
    "Antecessor(a)\n": "Otão I\n",
    "Sucessor(a)\n": "Otão III\n",
    "Predecessor(a)\n": "Otão I\n",
    "Nascimento\n": "955Saxônia, Sacro Império Romano-Germânico\n",
    "Morte\n": "7 de dezembrode983(28 anos)Roma, Estados Papais\n",
    "Sepultado em\n": "Basílica de São Pedro, Vaticano\n",
    "Esposa\n": "Teofânia Escleraina\n",
    "Descendência\n": "Adelaide I, Abadessa de QuedlinburgSofia I, Abadessa de GandersheimMatilde da SaxôniaOtão III, Imperador Romano-Germânico\n",
    "Dinastia\n": "Otoniana\n",
    "Pai\n": "Otão I do Sacro Império Romano-Germânico\n",
    "Mãe\n": "Adelaide da Itália\n",
    "Religião\n": "Catolicismo\n"
}