{
    "Nome completo\n": "Ricardo Eliécer Neftalí Reyes Basoalto\n",
    "Pseudônimo(s)\n": "Pablo Neruda\n",
    "Nascimento\n": "12 de julho de 1904Parral, Chile\n",
    "Morte\n": "23 de setembrode1973(69 anos)Santiago, Chile\n",
    "Nacionalidade\n": "chileno\n",
    "Cônjuge\n": "Matilde Urrutia\n",
    "Alma mater\n": "Universidade do Chile\n",
    "Ocupação\n": "poetaescritor\n",
    "Prêmios\n": "Prêmio Nacional de Literatura do Chile (1945)\nNobel de Literatura(1971)\n",
    "Magnum opus\n": "Nasci para nascer\n",
    "Religião\n": "ateísmo\n"
}