{
    "Tipo\n": "Sede governamental\n",
    "Estilo dominante\n": "Eclético\n",
    "Arquiteto\n": "Maurice Gras\n",
    "Início da construção\n": "1909\n",
    "Fim da construção\n": "Década de 1970\n",
    "Inauguração\n": "Ocupação em 17 de maio de 1921\n",
    "Proprietário atual\n": "Estado do Rio Grande do Sul\n",
    "Website\n": "www.palaciopiratini.rs.gov.br\n",
    "País\n": "Brasil\n",
    "Localização\n": "Porto Alegre, Brasil.\n",
    "Coordenadas\n": "30° 02′ 02″ S, 51° 13′ 51″ O\n"
}