{
    "Nome completo\n": "Paulo Coelho de Souza\n",
    "Nascimento\n": "24 de agostode1947(77 anos)Rio de Janeiro, DF\n",
    "Residência\n": "Genebra, Suíça\n",
    "Nacionalidade\n": "brasileiro\n",
    "Cônjuge\n": "Christina Oiticica(c.2013)[1]\n",
    "Alma mater\n": "Colégio Santo Inácio\n",
    "Ocupação\n": "escritorletristajornalistacompositor\n",
    "Prêmios\n": "Lista completa\n",
    "Empregador(a)\n": "Organização das Nações Unidas\n",
    "Gênero literário\n": "dramaromance\n",
    "Magnum opus\n": "O Alquimista\n",
    "Website\n": "www.paulocoelhoblog.com\n"
}