{
    "Período\n": "1960 a 1963\n",
    "Suplente\n": "1.º- Alcides Saldanha\n",
    "Vice-governador\n": "Sinval Guazzelli\n",
    "Antecessor(a)\n": "Nestor Jost\n",
    "Sucessor(a)\n": "Iris Rezende\n",
    "Presidente\n": "José Sarney\n",
    "Nome completo\n": "Pedro Jorge Simon\n",
    "Nascimento\n": "31 de janeirode1930(95 anos) Caxias do Sul, RS\n",
    "Nacionalidade\n": "brasileiro\n",
    "Alma mater\n": "Pontifícia Universidade Católica do Rio Grande do Sul (PUC-RS)\n",
    "Prêmio(s)\n": "Ordem do Mérito Militar[1]\nOrdem do Mérito NavalOrdem do Mérito AeronáuticoOrdem de Rio BrancoOrdem de Maio (Argentina)Ordem Nacional do Mérito (França)\n",
    "Esposa\n": "Tânia Simon (fal.)Ivete Simon\n",
    "Partido\n": "PTB (1958–1965)MDB (1966–1979)MDB (1980–presente)\n",
    "Religião\n": "catolicismo romano\n",
    "Profissão\n": "AdvogadoProfessorPolítico\n"
}