{
    "Nascimento\n": "12 de julho de 1912Ivanjica\n",
    "Morte\n": "21 de setembro de 2007 (95 anos)Belgrado\n",
    "Sepultamento\n": "Novo Cemitério de Belgrado\n",
    "Cidadania\n": "Jugoslávia\n",
    "Cônjuge\n": "Judita Alargić\n",
    "Alma mater\n": ".mw-parser-output .plainlist ol,.mw-parser-output .plainlist ul{line-height:inherit;list-style:none;margin:0;padding:0}.mw-parser-output .plainlist ol li,.mw-parser-output .plainlist ul li{margin-bottom:0}Faculty of Agriculture, University of Belgrade\n",
    "Ocupação\n": "político, comissário político\n",
    "Distinções\n": "Ordem do Herói do Trabalho Socialista(1961)Herói do Povo da Iugoslávia (1953)Ordem de Libertação PopularOrdem do Herói do PovoOrdem da Estrela IugoslavaOrdem da Estrela PartisanOrdem \"Por Mérito ao Povo\" com estrela douradaOrdem da Fraternidade e UnidadeOrdem da BravuraMedalha Comemorativa dos Partisans de 1941\n"
}