{
    "Semieixo maior\n": "5 906 376 272 km  39,48168677 UA\n",
    "Periélio\n": "4 436 824 613 km  29,658340679 UA\n",
    "Afélio\n": "7 375 927 931 km  49,30503287 UA\n",
    "Excentricidade\n": "0,24880766\n",
    "Período orbital\n": "90 613,305 d (248,09 a)\n",
    "Período sinódico\n": "366,73 d (1 a)\n",
    "Velocidade orbital média\n": "4,666 km/s\n",
    "Inclinação\n": "Eclíptica: 17,14175°Equador solar: 11,88 °\n",
    "Argumento do periastro\n": "113,76329°\n",
    "Longitude do nó ascendente\n": "110,30347°\n",
    "Número de satélites\n": "5[2]\n",
    "Diâmetro médio\n": "2 376,6 ± 3,2[5]\n",
    "Área da superfície\n": "16.650.000[6] km²\n",
    "Volume\n": "6,39 × 109 km³\n",
    "Massa\n": "(1,305 ± 0,007) × 1022 kg\n",
    "Densidade média\n": "2,03 ± 0,06 g/cm³\n",
    "Gravidade equatorial\n": "0,658 m/s²0,067 g\n",
    "Período de rotação\n": "−6,387230 d6 d 9 h 17 m 36 s\n",
    "Velocidade de escape\n": "1,229 km/s\n",
    "Inclinação axial\n": "119,591 ± 0,014° (em relação à órbita)\n",
    "Albedo\n": "0,49–0,66 (varia em 35%)[7]\n",
    "Temperatura\n": "média: -229 ºCmínima: -240 ºC máxima: -218 ºC\n",
    "Magnitude aparente\n": "13,65 a 16,3 (média 15,1)[8]\n",
    "Magnitude absoluta\n": "-0,7[1]\n",
    "Pressão atmosférica\n": "1,0 Pa[9]\n",
    "Composição\n": "Nitrogênio, metano, monóxido de carbono[10]\n"
}