{
    "Sigla\n": "PUCRS\n",
    "Lema\n": "Ad verum ducit \"Conduz à verdade\"\n",
    "Fundação\n": "março de 1931 (94 anos)(como Faculdade de Ciências Políticas e Econômicas)\n",
    "Tipo de instituição\n": "Privada, filantrópica e confessional\n",
    "Localização\n": " Porto Alegre,  Rio Grande do Sul\n",
    "Reitor(a)\n": "Ir. Manuir Mentges\n",
    "Vice-reitor(a)\n": "Ir. Marcelo Bonhemberger\n",
    "Total de estudantes\n": "35.000 (2020)\n",
    "Campi\n": "Campus Central (Porto Alegre)\n",
    "Página oficial\n": "http://www.pucrs.br\n"
}