{
    "Local de assinatura\n": "Quioto, Japão\n",
    "Signatário(a)(s)\n": "192 Estados[1][2]\n",
    "Depositário(a)\n": "Secretário-geral das Nações Unidas\n",
    "Assinado\n": "11 de dezembro de 1997\n",
    "Em vigor\n": "16 de fevereiro de 2005\n",
    "Condição\n": "Ratificação por 55 países que representem pelo menos 55% das emissões de gases do efeito estufa ocorridas no ano de 1990.\n",
    "Expiração\n": "31 de dezembro de 2012\n",
    "Língua(s)\n": "árabe, chinês, inglês, espanhol, francês e russo[3]\n"
}