{
    "Nome completo\n": "Park Jae-sang (hangul: 박재상; rr: Bak Jae-sang)\n",
    "Nascimento\n": "31 de dezembro de 1977 (47 anos)Seul, Coreia do Sul\n",
    "Nacionalidade\n": "sul-coreano\n",
    "Cônjuge\n": "Yoo Hye-yeon(c.2006)\n",
    "Filho(a)(s)\n": "2\n",
    "Educação\n": ".mw-parser-output .plainlist ol,.mw-parser-output .plainlist ul{line-height:inherit;list-style:none;margin:0;padding:0}.mw-parser-output .plainlist ol li,.mw-parser-output .plainlist ul li{margin-bottom:0}Universidade de BostonUniversidade da Califórniaem BerkeleyFaculdade de Música Berklee\n",
    "Prêmios\n": "Ordem do Mérito Cultural Okgwan(2012)",
    "Período musical\n": "2001–presente\n",
    "Gênero(s)\n": "K-popK-hip hop[1]Hip hopDancehallEDMTrap\n",
    "Instrumento(s)\n": "Vocais\n",
    "Gravadora(s)\n": "BidmanLNLTPanYamazoneYGP NationAvex TraxRepublicSchoolboy\n",
    "Afiliações\n": "ListaP NationYG FamilyEndeavorSnoop DoggHyunaCLJessiDawnHeizeHwasa\n"
}