{
    "Pseudônimo(s)\n": "Haj Qassem(entre apoiadores)[1]\"O Comandante das Sombras\"(no Ocidente)[2][3][4][5][6]\n",
    "Nascimento\n": "11 de março de 1957Província de Carmânia,Irã Imperial\n",
    "Morte\n": "3 de janeiro de 2020 (62 anos)Bagdá, Iraque\n",
    "Nacionalidade\n": "iraniano\n",
    "Ocupação\n": "Militar\n",
    "País\n": " Irã\n",
    "Serviço\n": "Exército dos Guardiães da Revolução Islâmica\n",
    "Anos de serviço\n": "1979–2020\n",
    "Patente\n": "Major-general\n",
    "Comando\n": "41.ª Divisão Tharallah de CarmâniaForça Quds\n",
    "Conflitos\n": "Rebelião curda no Irã em 1979Guerra Irã-IraqueConflito no sul do LíbanoGuerra do Líbano de 2006Guerra do IraqueConflito iraniano-israelitaGuerra Civil SíriaGuerra Civil Iraquiana (2011–2017)\n",
    "Condecorações\n": " Ordem de Zolfaghar Ordem de Fath\n",
    "Religião\n": "islã\n"
}