{
    "Nascimento\n": "11 de março de 1926Linden\n",
    "Morte\n": "17 de abril de 1990 (64 anos)Atlanta\n",
    "Sepultamento\n": "Lincoln Cemetery\n",
    "Cidadania\n": "Estados Unidos\n",
    "Etnia\n": "afro-americanos\n",
    "Cônjuge\n": "Juanita Abernathy\n",
    "Filho(a)(s)\n": "Donzaleigh Abernathy, Ralph David Abernathy III\n",
    "Alma mater\n": ".mw-parser-output .plainlist ol,.mw-parser-output .plainlist ul{line-height:inherit;list-style:none;margin:0;padding:0}.mw-parser-output .plainlist ol li,.mw-parser-output .plainlist ul li{margin-bottom:0}Alabama State UniversityUniversidade de Atlanta\n",
    "Ocupação\n": "civil rights advocate, ministro, político, teólogo, ativista dos direitos humanos\n",
    "Religião\n": "Igreja Batista\n"
}