{
    "Nascimento\n": "1598 São Miguel do Pinheiro, concelho de Mértola e distrito de Beja\n",
    "Morte\n": "1659 (61 anos)São Miguel do Pinheiro, concelho de Mértola e distrito de Beja\n",
    "Nome completo\n": "Antônio Raposo Tavares\n",
    "Cônjuge\n": "Beatriz Furtado de Mendonça (1622–1632)Lucrécia Borges (1642–?)\n",
    "Pai\n": "Fernão Vieira Tavares\n",
    "Mãe\n": "Francisca Pinheiro da Costa Bravo\n",
    "Ocupação\n": "BandeiranteOuvidorJuiz ordinário\n",
    "Filho(s)\n": "Francisco Raposo TavaresFernando Raposo Tavares\n",
    "Filha(s)\n": "Maria Raposo TavaresAntonia Pinheiro Raposo Tavares\n"
}