{
    "Tipo\n": "Rede estadual de televisão comercial aberta\n",
    "País\n": "Brasil\n",
    "Fundação\n": "29 de dezembro de 1962 (62 anos)por Maurício Sirotsky Sobrinho\n",
    "Pertence a\n": "Grupo RBS\n",
    "Proprietário\n": "Eduardo Sirotsky Melzer\n",
    "Antigo proprietário\n": "Maurício Sirotsky Sobrinho (1962–86)Jayme Sirotsky (1986–91)Nelson Sirotsky (1991–2012)\n",
    "Presidente\n": "Eduardo Sirotsky Melzer\n",
    "Cidade de origem\n": "Porto Alegre, RS\n",
    "Sede\n": "Porto Alegre, RS\n",
    "Estúdios\n": "Porto Alegre, RS\n",
    "Slogan\n": "Bem pra ti\n",
    "Formato de vídeo\n": "1080i (HDTV)\n",
    "Afiliações\n": "TV Excelsior (1963–67)  TV Globo (desde 1967)\n",
    "Cobertura\n": "Rio Grande do Sul\n",
    "Emissoras próprias\n": "ListaRBS TV Porto AlegreRBS TV BagéRBS TV Caxias do SulRBS TV Cruz AltaRBS TV ErechimRBS TV Passo FundoRBS TV PelotasRBS TV Rio GrandeRBS TV dos ValesRBS TV Santa MariaRBS TV Santa RosaRBS TV Uruguaiana\n",
    "Página oficial\n": "redeglobo.globo.com/rbstvrs\n",
    "Analógico\n": "Ver mais02 VHF (Erechim)03 VHF (Camaquã,Cruz AltaeItaqui)04 VHF (Sant'Ana do LivramentoeSanto Ângelo)06 VHF (BagéeSanta Rosa)07 VHF (Alegrete,Capão da Canoa,Passo FundoeQuaraí)08 VHF (São BorjaeTorres)10 VHF (Santiago)12 VHF (Dom PedritoeIjuí)13 VHF (GuaporéeUruguaiana)35 UHF (Piratini)48 UHF (Panambi)\n",
    "Digital\n": "Ver mais23 UHF (Cidreira,Panambi,Santo Ângelo,São Lourenço do SuleTorres)24 UHF (Santiago)33 UHF (Carazinho,Caxias do Sul,Cruz Alta,Erechim,Itaqui,Rio Grande,Santa Cruz do Sul,Santa MariaeSant'Ana do Livramento)34 UHF (Porto Alegre,Alegrete,Bagé,Capão da Canoa,Passo Fundo,Pelotas,Santa Rosa,UruguaianaeVenâncio Aires)35 UHF (Bento Gonçalves,Candelária,Dom Pedrito,Ijuí,OsórioeSão Borja)42 UHF (Cachoeira do Sul)Em implantação:23 UHF (Guaporé)33 UHF (Quaraí)\n",
    "Sky\n": "Canal 10 e 410 HD (Porto Alegre)\n",
    "Oi TV\n": "Canal 12 (Porto Alegre e Santa Maria)\n",
    "Claro TV\n": ".mw-parser-output .plainlist ol,.mw-parser-output .plainlist ul{line-height:inherit;list-style:none;margin:0;padding:0}.mw-parser-output .plainlist ol li,.mw-parser-output .plainlist ul li{margin-bottom:0}Canal 04 (Cruz Alta)Canal 05 (Bagé e Santa Cruz do Sul)Canal 06 (Erechim)Canal 06 e 506 HD (Passo Fundo e Pelotas)Canal 08 (Rio Grande)Canal 12 (Uruguaiana)Canal 12 e 512 HD (Porto Alegre)Canal 12 e 508 HD (Caxias do Sul)Canal 13 e 513 HD (Santa Maria)\n",
    "Vivo TV\n": "Canal 203 (Porto Alegre)\n",
    "TVROStar One D2\n": "Canal 05 HD[nota 1][1][2][3][4][5][6][7]\n",
    "TVROSky Brasil-1\n": "Canal 05 HD[nota 2][8][9]\n",
    "ViaCabo\n": "Canal 14 (Pelotas)  Canal 12 (Rio Grande)\n",
    "Adatel\n": "Canal 12\n"
}