{
    "Nome completo\n": "Óscar Gutiérrez Rubio[1][2]\n",
    "Nascimento\n": "11 de dezembro de 1974 (50 anos)[3]San Diego, Califórnia, Estados Unidos[4]\n",
    "Cônjuge(s)\n": "Angie Gutierrez (c.1996)\n",
    "Filho(s)\n": "Dominik Gutierrez\nAalyah Gutierrez\n",
    "Nome(s)de ringue\n": "Colibrí[5]La Lagartija Verde[5]Rey Misterio Jr.[5]Rey Mysterio[5]Rey Mysterio Jr.[5]\n",
    "Alturaanunciada\n": "1,65m (5'4 ft)\n",
    "Pesoanunciado\n": "75,4kg (175lb) [6]\n",
    "Anunciadode\n": "San Diego, Califórnia\n",
    "Treinadopor\n": "Rey Misterio Sr.[5]\n",
    "Estreia\n": "30 de abril de 1989[7]\n"
}