{
    "Reinado\n": "21 de junho de 1377a 30 de setembro de 1399\n",
    "Coroação\n": "16 de julho de 1377\n",
    "Antecessor(a)\n": "Eduardo III\n",
    "Sucessor(a)\n": "Henrique IV\n",
    "Nascimento\n": "6 de janeiro de 1367Palácio do Arcebispo, Bordeaux, Arquitânia, França\n",
    "Morte\n": "c.14 de fevereirode1400(33 anos)Castelo de Pontefract, Pontefract, West Yorkshire, Inglaterra\n",
    "Sepultado em\n": "Abadia de Westminster, Londres, Inglaterra\n",
    "Esposas\n": "Ana da Boêmia (1382–1394)Isabel de Valois (1396–1400)\n",
    "Casa\n": "Plantageneta\n",
    "Pai\n": "Eduardo, o Príncipe Negro\n",
    "Mãe\n": "Joana de Kent\n",
    "Religião\n": "Catolicismo\n",
    "Assinatura\n": "\n",
    "Brasão\n": "\n"
}