{
    "Nome completo\n": "Solofa Fatu Jr.\n",
    "Nascimento\n": "11 de outubro de 1965 (59 anos)San Francisco, Califórnia[1]\n",
    "Residência\n": "Poinciana, Flórida[1]\n",
    "Filho(s)\n": "Jonathan Solofa FatuJoshua Samuel Fatu\n",
    "Família\n": "Anoaʻi\n",
    "Nome(s)de ringue\n": "Alofa o príncipe Polinesiano[1]Fatu[1]Headshrinker Fatu[1]J.R Smooth[1]Junior Fatu[1]Rikishi[1]Riki-Shi[2]Rikishi Phatu[1]The Sultan[1]\n",
    "Alturaanunciada\n": "6 ft 1 in (1,85 m)[3]\n",
    "Pesoanunciado\n": "400 lb (180 kg)[3]\n",
    "Anunciadode\n": "Ilha de Samoa[3]\n",
    "Treinadopor\n": "Afa AnoaʻiSika Anoaʻi[1]\n",
    "Estreia\n": "1985[1]\n"
}