{
    "Comprimento\n": "~300 km\n",
    "Nascente\n": "Santo Augusto, Rio Grande do Sul\n",
    "Altitude da nascente\n": "554 m\n",
    "Foz\n": "rio Uruguai\n",
    "Altitude da foz\n": "82 m\n",
    "Área da bacia\n": "10.649,13 km²\n",
    "Afluentesprincipais\n": "rio Ijuizinho, rio Conceição, rio Potiribu, rio Caxambu, rio Faxinal, rio Fiúza e rio Palmeira\n",
    "País(es)\n": "Brasil\n",
    "País dabacia hidrográfica\n": "Brasil\n",
    "Coordenadas\n": "Coordenadas : formato inválido\n"
}