{
    "Nome completo\n": "Roderick George Toombs\n",
    "Nascimento\n": "17 de abril de 1954Saskatoon, Saskatchewan, Canadá\n",
    "Morte\n": "31 de julhode2015(61 anos)Hollywood, Califórnia, Estados Unidos\n",
    "Nome(s)de ringue\n": "Roddy Piper[1]The CanadianThe Masked Canadian[2][3]Piper MachineHot RodCanadian MachineScottin Piper\n",
    "Alturaanunciada\n": "6 ft 2 in (1,88 m)[1]\n",
    "Pesoanunciado\n": "230 lb (104 kg)[1]\n",
    "Anunciadode\n": "Glasgow, Escócia (como Roddy Piper)Saskatoon, Saskatchewan, Canadá (como The Canadian)[1]\n",
    "Treinadopor\n": "Gene LeBellLeo GaribaldiTony CondelloJoe Fiorino\n",
    "Estreia\n": "1969\n",
    "Aposentadoria\n": "2011\n"
}