{
    "Música(s)-tema\n": "\"SOLD OUT\" por Hardy\n",
    "Promoção\n": "WWE\n",
    "Programa(s)\n": "RawSmackDown\n",
    "Patrocinador\n": "Credit One BankCricket WirelessApplebee'sHogwarts LegacyMountain Dew Pitch Black\n",
    "Data\n": "28 de janeiro de 2023\n",
    "Cidade\n": " San Antonio, Texas\n",
    "Local\n": "Alamodome\n",
    "Público\n": "51,338[1]\n",
    "\n←AnteriorNXT DeadlinePróximo→NXT Vengeance Day\n": "← AnteriorNXT Deadline\n",
    "← AnteriorNXT Deadline\n": "Próximo →NXT Vengeance Day\n",
    "\n←Anterior2022Próximo→2024\n": "← Anterior2022\n",
    "← Anterior2022\n": "Próximo →2024\n"
}