{
    "←": "",
    "Estandarte Imperial(c. 1430–1806)": "",
    "Capitais\n": "Multicentral:[1]\nRoma(de jure;Coroação do Sacro Imperador Romano-Germânico)Aachen(800–1562, coroação do Rei da Germânia; 800–888, como capital)Innsbruck(1508–1519; Sede doHofkammere da Chancelaria do Tribunal)[2][3]Viena(Década de 1550–1583, 1612–1806; Sede dosHabsburgos)[4][5][6][7](Sede doConselho Áulicode 1497/1498)[8]Frankfurt(1562–1806;EleiçãoeCoroação)Praga(1583–1612)[9][10]Regensburg(1594–1806;Dieta Imperialaté 1594,Perpétuaa partir de 1663)[b]Wetzlar(1689–1806;Câmara da Corte Imperial)\n",
    "Idiomas\n": "AlemãoLatim Medieval(administrativo/litúrgico/cerimonial)Vários[c]\n",
    "Religião\n": "Várias religiões oficiais:\nCatolicismo Romano(1054–1806)[d]Luteranismo(1555–1806)Calvinismo(1648–1806)\n",
    "Moeda\n": "Múltiplas: .mw-parser-output .hlist dl,.mw-parser-output .hlist ol,.mw-parser-output .hlist ul{margin:0;padding:0}.mw-parser-output .hlist dd,.mw-parser-output .hlist dt,.mw-parser-output .hlist li{margin:0;display:inline}.mw-parser-output .hlist.inline,.mw-parser-output .hlist.inline dl,.mw-parser-output .hlist.inline ol,.mw-parser-output .hlist.inline ul,.mw-parser-output .hlist dl dl,.mw-parser-output .hlist dl ol,.mw-parser-output .hlist dl ul,.mw-parser-output .hlist ol dl,.mw-parser-output .hlist ol ol,.mw-parser-output .hlist ol ul,.mw-parser-output .hlist ul dl,.mw-parser-output .hlist ul ol,.mw-parser-output .hlist ul ul{display:inline}.mw-parser-output .hlist .mw-empty-li{display:none}.mw-parser-output .hlist dt::after{content:\": \"}.mw-parser-output .hlist dd::after,.mw-parser-output .hlist li::after{content:\" · \";font-weight:bold}.mw-parser-output .hlist dd:last-child::after,.mw-parser-output .hlist dt:last-child::after,.mw-parser-output .hlist li:last-child::after{content:none}.mw-parser-output .hlist dd dd:first-child::before,.mw-parser-output .hlist dd dt:first-child::before,.mw-parser-output .hlist dd li:first-child::before,.mw-parser-output .hlist dt dd:first-child::before,.mw-parser-output .hlist dt dt:first-child::before,.mw-parser-output .hlist dt li:first-child::before,.mw-parser-output .hlist li dd:first-child::before,.mw-parser-output .hlist li dt:first-child::before,.mw-parser-output .hlist li li:first-child::before{content:\" (\";font-weight:normal}.mw-parser-output .hlist dd dd:last-child::after,.mw-parser-output .hlist dd dt:last-child::after,.mw-parser-output .hlist dd li:last-child::after,.mw-parser-output .hlist dt dd:last-child::after,.mw-parser-output .hlist dt dt:last-child::after,.mw-parser-output .hlist dt li:last-child::after,.mw-parser-output .hlist li dd:last-child::after,.mw-parser-output .hlist li dt:last-child::after,.mw-parser-output .hlist li li:last-child::after{content:\")\";font-weight:normal}.mw-parser-output .hlist ol{counter-reset:listitem}.mw-parser-output .hlist ol>li{counter-increment:listitem}.mw-parser-output .hlist ol>li::before{content:\" \"counter(listitem)\"\\a0 \"}.mw-parser-output .hlist dd ol>li:first-child::before,.mw-parser-output .hlist dt ol>li:first-child::before,.mw-parser-output .hlist li ol>li:first-child::before{content:\" (\"counter(listitem)\"\\a0 \"}TálerFlorimGroschenReichsthaler\n",
    "Forma de governo\n": "Monarquia eletivaMonarquia mista (após aReforma Imperial)[11]\n",
    "•800–814Carlos Magno[a](primeiro)•962–973Otão I•1519–1556Carlos V•1792–1806Francisco II(último)\n": "• ",
    "• ": "6 de agosto  de  1806",
    "•Dieta Imperial\n": "• ",
    "Período histórico\n": "Idade MédiaIdade Moderna",
    "•25 de dezembro  de  800Carlos Magnoécoroado Imperador dos Romanos[a]•2 de fevereiro  de  962Otão Iécoroado Imperador dos Romanos•2 de fevereiro  de  1033Conrado IIassume a coroa doReino da Borgonha•25 de setembro  de  1555Paz de Augsburgo•24 de outubro  de  1648Paz de Vestfália•1648–1789Guerras de Gabinete•2 de dezembro  de  1805Batalha de Austerlitz•6 de agosto  de  1806Abdicação de Francisco II\n": "• ",
    "•  11501,100,000 km²[e]\n": " •  1150 ",
    " •  1150 ": " ",
    "• 170023,000,000(est.)[12]• 180029,000,000(est.)[12]\n": " • 1700",
    " • 1700": " ",
    " • 1800": " ",
    "Estados antecessores e sucessores←Frância Oriental←Reino Itálico←Império CarolíngioConfederação do Reno→Império Austríaco→Reino da Prússia→Antiga Confederação Helvética→Reino da Sardenha (1720-1861)→Ducado de Saboia→República das Sete Províncias Unidas dos Países Baixos→Reino da França→\n": "←",
    " ": "Reino da França"
}