{
    "Nome completo\n": "Rami Sebei[1][2]\n",
    "Nascimento\n": "12 de julho de 1984 (40 anos)[3]Laval, Quebec, Canadá[3]\n",
    "Filho(s)\n": "1\n",
    "Nome(s)de ringue\n": "El GenericoRami SebeiSami Zayn[4]\n",
    "Alturaanunciada\n": "6 ft 1 in (1,85 m)[1]\n",
    "Pesoanunciado\n": "213 lb (97 kg)[5]\n",
    "Anunciadode\n": "Tijuana, México[1][5]Montreal, Canadá\n",
    "Treinadopor\n": "Patrick \"Patty the Kid\" Smart[1]Jerry Tuite[3]Savio Vega[3]\n",
    "Estreia\n": "2002[1]\n"
}