{
    "Nome completo\n": "Samuel Reis de Oliveira\n",
    "Conhecido(a) por\n": "ser o baixista da banda Mamonas Assassinas\n",
    "Nascimento\n": "11 de marçode1973[nota 1]São Paulo, SP\n",
    "Morte\n": "2 de marçode1996(22 anos)São Paulo, SP\n",
    "Nacionalidade\n": "brasileiro\n",
    "Parentesco\n": "Sérgio Reoli (irmão)\n",
    "Ocupação\n": "instrumentista\n",
    "Gênero literário\n": "hard rockrockcômicoheavy metal\n",
    "Período musical\n": "1989–1996\n",
    "Instrumento(s)\n": "baixo\n",
    "Modelos de instrumentos\n": "TagimaTobiasRickenbacker\n",
    "Gravadora(s)\n": "EMI\n",
    "Afiliações\n": "ListaUtopiaMamonas Assassinas\n"
}