{
    "Nome completo\n": "Anthony Carelli\n",
    "Nascimento\n": "14 de março de 1974 (51 anos)[1]Mississauga, Ontário, Canadá[2]\n",
    "Residência\n": "Mississauga, Ontário, Canadá[3]\n",
    "Filho(s)\n": "3, incluindo Arianna Grace\n",
    "Nome(s)de ringue\n": ".mw-parser-output .plainlist ol,.mw-parser-output .plainlist ul{line-height:inherit;list-style:none;margin:0;padding:0}.mw-parser-output .plainlist ol li,.mw-parser-output .plainlist ul li{margin-bottom:0}Boris Alexiev[4]Johnny Geo Basco[5]Santino Marella[4]Santina Marella[4]\n",
    "Alturaanunciada\n": "6 ft 0 in (1,83 m)[6]\n",
    "Pesoanunciado\n": "233 lb (106 kg)[6]\n",
    "Anunciadode\n": "Calabria, Itália\n",
    "Treinadopor\n": "Ohio Valley Wrestling[4]\n",
    "Estreia\n": "17 de agosto de 2003\n",
    "Aposentadoria\n": "6 de julho de 2014\n"
}