{
    "Nome completo\n": "Jorge Luis Alcantar Bolly[1]\n",
    "Nascimento\n": "30 de abril de 1984 (40 anos)Acapulco, México\n",
    "Filho(s)\n": "1[2]\n",
    "Família\n": "El Fantasma (pai)Fantasma Jr. (primo)Ángel de la Muerte (tio)\n",
    "Nome(s)de ringue\n": "El Hijo del FantasmaJorge BollyKing Cuerno[3]Santos EscobarTop Secret\n",
    "Alturaanunciada\n": "1.80 m (5 ft 11 in)[4]\n",
    "Pesoanunciado\n": "93 kg (204 lb)[4]\n",
    "Anunciadode\n": "\"The Highlands of Guerrero\", México Cidade do México, México\n",
    "Treinadopor\n": "Franco Columbo[4]El Fantasma[4]El Hijo del Gladiador[4]\n",
    "Estreia\n": "2000[4]\n"
}