{
    "Nascimento\n": "20 de outubro de 1958[1]Miami, Flórida\n",
    "Morte\n": "14 de março de 2022Marietta, Georgia\n",
    "Residência\n": "Hollywood, Califórnia\n",
    "Nome(s)de ringue\n": "Scott Hall[1]Magnum Scott Hall[1]Starship Coyote[1]Texas Scott[1]Big Scott Hall[1]Diamond Studd[1]Razor Ramon[1]\n",
    "Alturaanunciada\n": "6 ft 7 in (2,01 m)[2]\n",
    "Pesoanunciado\n": "287 lb (130 kg)[2]\n",
    "Anunciadode\n": "Miami, Flórida[1]\n",
    "Treinadopor\n": "Hiro Matsuda[3]Barry Windham[3]Mike Rotunda Chris Adams[1]\n",
    "Estreia\n": "1 de Outubro de 1984\n",
    "Aposentadoria\n": "6 de Junho de 2010\n"
}