{
    "Classificação\n": "produto glandular  (tecido têxtilfibra naturalfibra proteica)\n",
    "Criador/Fabricante\n": "proteina feita por glândula  Bicho-da-sedasilkworm \n",
    "Fonte\n": "Fairchild's Dictionary of Textiles, Dicionário Enciclopédico Efron e Brockhaus, Dicionário Enciclopédico Efron e Brockhaus, Dicionário Enciclopédico Efron e Brockhaus, Dicionário Enciclopédico Efron e Brockhaus, Pequeno Dicionário Enciclopédico Brockhaus e Efron, Gujin Tushu Jicheng, Gujin Tushu Jicheng, Desktop Encyclopedic Dictionary, Encyclopædia Britannica, Dicionário de conversação de Meyer\n",
    "Commons\n": "Silk\n",
    "Composto de\n": "fibroínasericina\n",
    "Fabricação/Uso\n": "sericicultura\n",
    "Diferente de\n": "Silk \n",
    "Faceta\n": "brilhoso-reflexivo\n"
}