{
    "Local do crime\n": "Santo André, SPBrasil\n",
    "Data\n": "13 de outubro de 2008, 13:30 (GMT -3) - 17 de outubro de 2008, 18:08 (GMT -3)\n",
    "Vítimas\n": "Eloá Cristina Pereira Pimentel Nayara Rodrigues da Silva\n",
    "Mortos\n": "Eloá Cristina Pereira Pimentel\n",
    "Réu(s)\n": "Lindemberg Fernandes Alves\n",
    "Advogado de defesa\n": "Ana Lúcia AssadEdson Pereira Belo da Silva\n",
    "Promotor\n": "Antonio Nobre Folgado\n",
    "Juiz\n": "José Carlos de França Carvalho Neto; Milena Dias\n",
    "Local do julgamento\n": "Penitenciária de Tremembé\n",
    "Situação\n": "Réu condenado a 39 anos e 3 meses de reclusão\n"
}