{
    "Nome completo\n": "Simone-Ernestine-Lucie-Marie Bertrand de Beauvoir\n",
    "Nascimento\n": "9 de janeiro de 1908Paris, Ilha de França\n",
    "Morte\n": "14 de abrilde1986(78 anos)Paris\n",
    "Nacionalidade\n": "francesa\n",
    "Cônjuge\n": "Jean-Paul Sartre\n",
    "Ocupação\n": "Escritora, filósofa e feminista\n",
    "Prêmios\n": "Prêmio Goncourt (1954)Prêmio Jerusalém (1975)\n",
    "Movimento literário\n": "Existencialismo\n",
    "Magnum opus\n": "Le Deuxième Sexe\n"
}