{
    "Epicentro\n": "38° 19' 19.2\" N142° 22' 8.4\" E\n",
    "Profundidade\n": "24 quilômetros (15 mi)\n",
    "Magnitude\n": "9,1[1] MW\n",
    "Intensidade  máx.\n": "IX (desastroso)7[2]\n",
    "Data\n": "11 de março de 2011 (14 anos), 14h46min23 hora local\n",
    "Duração\n": "6 minutos\n",
    "Países afetados\n": "Japão\n",
    "Tsunâmi\n": "Até 40,5 m (133 pés) em Miyako, Iwate, Tōhoku\n",
    "Deslizamento\n": "sim\n",
    "Vítimas\n": "19 759 mortos confirmados, 6 152 feridos e cerca de 2 562 desaparecidos[3]\n"
}