{
    "1º Reinado\n": "18 de março de 1913a 11 de junho de 1917\n",
    "Predecessora\n": "Olga Constantinovna da Rússia\n",
    "2º Reinado\n": "19 de dezembro de 1920a 27 de setembro de 1922\n",
    "Sucessora\n": "Isabel da Romênia\n",
    "Reinado\n": "27 de outubro de 1889a 18 de março de 1913\n",
    "Nascimento\n": "14 de junho de 1870Novo Palácio, Potsdam, Reino da Prússia\n",
    "Morte\n": "13 de janeiro de 1932 (61 anos)Frankfurt, República de Weimar\n",
    "Sepultado em\n": "22 de novembro de 1936Cemitério Real, Palácio de Tatoi, Atenas, Grécia\n",
    "Nome completo\n": "Sofia Doroteia Ulrica Alice\n",
    "Marido\n": "Constantino I da Grécia\n",
    "Descendência\n": "Jorge II da GréciaAlexandre da GréciaHelena da Grécia e DinamarcaPaulo da GréciaIrene da Grécia e DinamarcaCatarina da Grécia e Dinamarca\n",
    "Casa\n": "Hohenzollern (por nascimento)Glucksburgo (por casamento)\n",
    "Pai\n": "Frederico III da Alemanha\n",
    "Mãe\n": "Vitória, Princesa Real\n",
    "Assinatura\n": "\n",
    "Brasão\n": "\n"
}