{
    "Música(s)-tema\n": "\"Summer Nights\" por Def Rebel feat. Jelly Roll\n",
    "Promoção\n": "WWE\n",
    "Programa(s)\n": "RawSmackDown\n",
    "Patrocinador\n": "XfinityCricket WirelessMultiVersusSamaritan\n",
    "Data\n": "30 de julho de 2022\n",
    "Cidade\n": " Nashville, Tennessee\n",
    "Local\n": "Nissan Stadium\n",
    "Público\n": "48,449\n",
    "\n←AnteriorMoney in the BankPróximo→Clash at the Castle\n": "← AnteriorMoney in the Bank\n",
    "← AnteriorMoney in the Bank\n": "Próximo →Clash at the Castle\n",
    "\n←Anterior2021Próximo→2023\n": "← Anterior2021\n",
    "← Anterior2021\n": "Próximo →2023\n"
}