{
    "Nascimento\n": "3  de setembro de 1984 (40 anos)[1][2]Los Angeles, Califórnia[3]\n",
    "Nome(s)de ringue\n": "Cobra II[1]Havana Pitbull III[1]J.T. QuinnManik[4][5]Pinoy Boy[1][2]Puma / PUMA[1][2]SuicideSydistiko[6]TJ[7]T.J. PerkinsTJP\n",
    "Alturaanunciada\n": "1.78 m[1][2]\n",
    "Pesoanunciado\n": "78 kg[1][2]\n",
    "Anunciadode\n": "Los Angeles, Califórnia[8]Lugar desconhecido[5]Filipinas[9]\n",
    "Treinadopor\n": "Bill Anderson[2]Jesse Hernandez[2]Kevin Quinn[2]Negro Casas[2]Antonio Inoki[2]\n",
    "Estreia\n": "Janeiro de 1999[2]\n"
}