{
    "Nascimento\n": "9 de abril de 1336Xacrisabez(Canato de Chagatai)\n",
    "Morte\n": "19 de fevereiro de 1405 (68 anos)Otrar(Dinastia Timúrida)\n",
    "Sepultamento\n": "Mausoléu de Tamerlão\n",
    "Estatura\n": "1,72 m\n",
    "Progenitores\n": ".mw-parser-output .plainlist ol,.mw-parser-output .plainlist ul{line-height:inherit;list-style:none;margin:0;padding:0}.mw-parser-output .plainlist ol li,.mw-parser-output .plainlist ul li{margin-bottom:0}TaragaïTekina Khatun\n",
    "Cônjuge\n": "Sarai Mulque Canum, Uljay-Turkan aga, Chelpanov-Mulk Aga, Dilshad aga\n",
    "Filho(a)(s)\n": "Xaruque Mirza, Miran Shah, Jahangir Mirza ibn Timur, Umar Shaikh, Aka Begi, Jahanshah Mirza\n",
    "Ocupação\n": "guerreiro\n",
    "Lealdade\n": "Mirza, Grão-cã\n",
    "Título\n": "Bei, Mirza, emir\n",
    "Religião\n": "sunismo\n"
}