{
    "Período\n": "11 de janeiro de 1989a 31 de janeiro de 1991\n",
    "Vice-governador\n": "Beto Grill\n",
    "Antecessor(a)\n": "Olívio Dutra\n",
    "Sucessor(a)\n": "Raul Pont\n",
    "Presidente\n": "Luiz Inácio Lula da Silva\n",
    "Nascimento\n": "6 de marçode1947(78 anos) São Borja, RS\n",
    "Nacionalidade\n": "brasileiro\n",
    "Progenitores\n": "Pai: Adelmo Simas Genro\n",
    "Alma mater\n": "Universidade Federal de Santa Maria (UFSM)\n",
    "Prêmio(s)\n": "\nOrdem do Mérito Militar[3]Ordem de Rio Branco[4]\n",
    "Filhos(as)\n": "Luciana Genro\n",
    "Partido\n": "MDB (1968–1980)PMDB (1980–1988)PT (1988–presente)\n",
    "Religião\n": "nenhuma (agnosticismo)\n",
    "Profissão\n": "advogado, professor universitário, escritor, político\n"
}