{
    "Nomes\n": "Alex Shelley e Chris Sabin[1]Echo Boomers[2]Machine Guns[3]Milennials[2]Motor City Machine Guns[1]Murder City Machine Guns[1]Panic in Detroit[2]\n",
    "Membros\n": "Alex Shelley[1]Chris Sabin[1]\n",
    "Alturas\n": "Sabin: 1.80m[4]Shelley: 1.78m[5]\n",
    "Pesocombinado\n": "420 lb (190 kg)[4][5]\n",
    "Residênciaartística\n": "Detroit, Michigan, Estados Unidos[1]\n",
    "Estreia\n": "25 de agosto de 2006\n",
    "Período ematividade\n": "2006–20122016–20182020–2021 2022–presente\n"
}