{
    "Nomes\n": "The Judgment Day\n",
    "Membros\n": "Finn Bálor Dominik MysterioJD McDonaghCarlitoLiv MorganRaquel Rodriguez\n",
    "Alturas\n": "Bálor: 5 ft 11 in (1,80 m)Mysterio: 6 ft 1 in (1,85 m)McDonagh: 5 ft 10 in (1,78 m)Carlito: 5 ft 10 in (1,78 m)Morgan: 5 ft 4 in (1,63 m)Rodriguez: 6 ft 0 in (1,83 m)\n",
    "Ex-membros\n": "Edge (líder)Damian PriestRhea Ripley\n",
    "Estreia\n": "3 de abril de 2022\n",
    "Período ematividade\n": "2022–presente\n"
}