{
    "Nome completo\n": "Mark William Calaway\n",
    "Nascimento\n": "24 de marçode1965(60 anos)Houston, Texas\n",
    "Residência\n": "Austin, Texas\n",
    "Cônjuge(s)\n": "Jodi Lynn(1987–1999; divorciado)Sara Calaway(2000–2007; divorciado)Michelle McCool(2010–presente)\n",
    "Filho(s)\n": "4\n",
    "Nome(s)de ringue\n": "Kane the UndertakerMark CallousPunisher Dice MorganMark Callaway[1][2]The PunisherThe Undertaker\n",
    "Alturaanunciada\n": "6 ft 10 in (2,08 m)[3]\n",
    "Pesoanunciado\n": "309 lb (140 kg)[3]\n",
    "Anunciadode\n": "Houston, TexasVale da Morte[4]\n",
    "Treinadopor\n": "Don Jardine[2]\n",
    "Estreia\n": "26 de junho de 1987[5]\n",
    "Aposentadoria\n": "21 de junho de 2020\n"
}