{
    "Lema\n": "Believe in The Shield\n",
    "Nomes\n": "The Shield\n",
    "Membros\n": "Dean Ambrose[1]Seth Rollins[2]Roman Reigns[3]\n",
    "Alturas\n": "Rollins: 6 ft 1 in (1,85 m)[4]Ambrose: 6 ft 2 in (1,88 m)[5]Reigns: 6 ft 3 in (1,91 m)[6]\n",
    "Pesocombinado\n": "707 lb (320 kg)[1][2][3]\n",
    "Promoções\n": "WWE\n",
    "Estreia\n": "18 de novembro de 2012[7]\n",
    "Separação\n": "21 de abril de 2019\n",
    "Período ematividade\n": "2012–2014201720182019\n"
}