{
    "Diocese\n": "Arquidiocese de Washington\n",
    "Nomeação\n": "21 de novembro de 2000\n",
    "Entrada solene\n": "3 de janeiro de 2001\n",
    "Predecessor\n": "James AloysiusCardealHickey\n",
    "Sucessor\n": "Donald WilliamCardealWuerl\n",
    "Mandato\n": "2000 — 2006\n",
    "Ordenação presbiteral\n": "31 de maio de 1958por Francis JosephCardealSpellman\n",
    "Nomeação episcopal\n": "24 de maio de 1977\n",
    "Ordenação episcopal\n": "29 de junho de 1977por Terence JamesCardealCooke\n",
    "Nomeado arcebispo\n": "30 de maio de 1986\n",
    "Brasão arquiepiscopal\n": "\n",
    "Criação\n": "21 de fevereiro de 2001 por Papa João Paulo II\n",
    "Ordem\n": "cardeal-presbítero\n",
    "Título\n": "Santos Nereu e Aquileu(2001-2018)\n",
    "Brasão\n": "\n",
    "Lema\n": "COME LORD JESUS\n",
    "Nascimento\n": "Nova Iorque7 de julhode1930\n",
    "Morte\n": "Dittmer, Missouri3 de abril de 2025 (94 anos)\n",
    "Nacionalidade\n": "norte-americano\n",
    "Progenitores\n": "Mãe: Margaret T. McLaughlinPai: Theodore E. McCarrick\n",
    "Funções exercidas\n": "-Bispo auxiliardeNova York(1977-1981)-BispodeMetuchen(1981-1986)-ArcebispodeNewark(1986-2000)-ArcebispodeWashington(2000-2006)\n"
}