{
    "Nascimento\n": "12 de julho de 1882Bucareste\n",
    "Morte\n": "15 de junho de 1929 (46 anos)Bucareste\n",
    "Residência\n": "Romênia\n",
    "Nacionalidade\n": "romeno\n",
    "Alma mater\n": "Universidade de Bucareste, Universidade de Paris\n",
    "Orientador(es)(as)\n": "Charles Émile Picard\n",
    "Instituições\n": "Universidade Politécnica de Timişoara, Universidade de Bucareste\n",
    "Campo(s)\n": "matemática\n",
    "Tese\n": "1908: Sur les équations de Volterra\n"
}