{
    "Local de assinatura\n": "Paris, França\n",
    "Signatário(a)(s)\n": "Reich Alemão\nImpério BritânicoFrançaItáliaJapãoEstados Unidos\noutrospaíses aliadosBélgicaBolíviaBrasilChinaCubaChecoslováquiaEquadorGréciaGuatemalaHaitiHejazHondurasJugosláviaLibériaNicaráguaPanamáPeruPolóniaPortugalRoméniaSiãoUruguaiComo parte do Império Britânico:AustráliaCanadáÁfrica do SulÍndia britânicaNova Zelândia\n",
    "Depositário(a)\n": "Governo francês\n",
    "Assinado\n": "28 de junho de 1919\n",
    "Em vigor\n": "10 de janeiro de 1920\n",
    "Condição\n": "Ratificação pela Alemanha e pelas três principais Potências Associadas\n",
    "Língua(s)\n": "francês e inglês\n"
}