{
    "Nome completo\n": "Matrick Mondre Belton[1][2]\n",
    "Nascimento\n": "26 de maio de 1994 (30 anos)[1]Colúmbia, Carolina do Sul, Estados Unidos[1]\n",
    "Nome(s)de ringue\n": "Trick Williams[3]\n",
    "Alturaanunciada\n": "6 ft 4 in (1,93 m)[3]\n",
    "Pesoanunciado\n": "240 lb (110 kg)[3]\n",
    "Anunciadode\n": "Colúmbia, Carolina do Sul[3]\n",
    "Treinadopor\n": "Combat Zone Wrestling Academy[4]WWE Performance Center[4]\n",
    "Estreia\n": "5 de outubro de 2021[4]\n"
}