{
    "Nome completo\n": "Mattias Clement\n",
    "Nascimento\n": "19 de janeiro de 1988 (37 anos)[1]Penticton, Columbia Britânica, Canadá[2]\n",
    "Nome(s)de ringue\n": "Matt Clement[3]Mattias Wild[3]Mike Dalton[4]Mike McGrath[3]Tyler Breeze[5]\n",
    "Alturaanunciada\n": "6 ft 0 in (1,83 m)[5]\n",
    "Pesoanunciado\n": "206 lb (93 kg)[5]\n",
    "Anunciadode\n": "Cairo, Egito  Patagonia, Chile  Penticton, Columbia Britânica, Canadá[1]Daytona Beach, Flórida[4]Residências sazonais[6][7]\n",
    "Treinadopor\n": "Lance Storm[1]\n",
    "Estreia\n": "2007[3]\n"
}