{
    "Sigla\n": "UFFS\n",
    "Lema\n": "Educação pública, gratuita e de qualidade.\n",
    "Fundação\n": "15 de setembrode2009(15 anos)\n",
    "Tipo de instituição\n": "Universidade pública federal\n",
    "Mantenedora\n": "Ministério da Educação\n",
    "Localização\n": "Chapecó (reitoria), Santa Catarina, Brasil\n",
    "Funcionários técnico-administrativos\n": "687 (2019)[1]\n",
    "Reitor(a)\n": "João Alfredo Braida [2]\n",
    "Vice-reitor(a)\n": "Sandra Simone Hopner Pierozan [3]\n",
    "Docentes\n": "706 (2019)[1]\n",
    "Total de estudantes\n": "8 981 (2019)[1]\n",
    "Campi\n": "Em seis municípios:Chapecó(reitoria)Cerro LargoErechimLaranjeiras do SulRealezaPasso Fundo\n",
    "Cores\n": " Verde Branco\n",
    "Afiliações\n": "CRUB[4] e RENEX[5]\n",
    "Índice Geral de Cursos\n": "4 (2019)[6]\n",
    "Orçamento anual\n": "R$ 243,66 milhões (2022)[7]\n",
    "Página oficial\n": "https://www.uffs.edu.br/\n"
}