{
    "Sigla\n": "UCS\n",
    "Lema\n": "In altum ducit(do latim: Conduz para o alto)\n",
    "Fundação\n": "10 de fevereiro de 1967 (58 anos)\n",
    "Tipo de instituição\n": "PrivadaFilantrópicaComunitária\n",
    "Mantenedora\n": "Fundação Universidade de Caxias do Sul\n",
    "Localização\n": "Caxias do Sul, Rio Grande do Sul, Brasil\n",
    "Reitor(a)\n": "Gelson Leonardo Rech\n",
    "Vice-reitor(a)\n": "Asdrubal Falavigna\n",
    "Total de estudantes\n": "Aprox. 11.000 graduação (2024)\n",
    "Campus\n": "Caxias do Sul: Cidade Universitária e Campus 8Bento Gonçalves: Região dos VinhedosVacariaCanela: Região das HortênsiasFarroupilhaGuaporéNova PrataSão Sebastião do Caí: Vale do Caí\n",
    "Cores\n": " Azul Branco Vermelho\n",
    "Afiliações\n": "CRUB, COMUNG, ABRUC\n",
    "Índice Geral de Cursos\n": "4 (2016) [1]\n",
    "Página oficial\n": "Página oficial\n"
}