{
    "Sigla\n": "UNISINOS\n",
    "Lema\n": "Nossa sala de aula é o mundo\n",
    "Fundação\n": "1969 (56 anos)\n",
    "Tipo de instituição\n": "Privada, filantrópica e confessional\n",
    "Localização\n": "São Leopoldo, Rio Grande do Sul, Brasil\n",
    "Reitor(a)\n": "Prof. Dr. Pe. Sérgio Eduardo Mariucci\n",
    "Docentes\n": "950\n",
    "Total de estudantes\n": "20 mil\n",
    "Campi\n": "São LeopoldoCampusPorto Alegre\n",
    "Cores\n": "Azul e Branco\n",
    "Afiliações\n": "CRUB, COMUNG, ABRUC, Jesuítas\n",
    "Página oficial\n": "Unisinos.br\n"
}