{
    "Sigla\n": "Unipampa\n",
    "Fundação\n": "2008 (17 anos)\n",
    "Tipo de instituição\n": "Pública Federal\n",
    "Mantenedora\n": " Ministério da Educação\n",
    "Localização\n": "Bagé,  Rio Grande do Sul\n",
    "Funcionários técnico-administrativos\n": "838 (2015)[1]\n",
    "Reitor(a)\n": "Roberlaine Ribeiro Jorge\n",
    "Vice-reitor(a)\n": "Marcus Vinicius Morini Querol\n",
    "Docentes\n": "915 (2019)[1]\n",
    "Total de estudantes\n": "13,000 (2015)[1]\n",
    "Graduação\n": "10,749\n",
    "Pós-graduação\n": "1,285\n",
    "Campi\n": "dez municípiosAlegreteBagéCaçapava do SulDom PedritoItaquiJaguarãoSantana do LivramentoSão BorjaSão GabrielUruguaiana\n",
    "Cores\n": "Branco, preto e verde \n",
    "Afiliações\n": "CRUB e RENEX\n",
    "Orçamento anual\n": "319 506 102,00[2]\n",
    "Página oficial\n": "www.unipampa.edu.br\n"
}