{
    "Sigla\n": "FURG\n",
    "Nomes anteriores\n": "Fundação Universidade Federal do Rio Grande, Fundação Universidade do Rio Grande\n",
    "Fundação\n": "20 de agosto de 1969\n",
    "Tipo de instituição\n": "Pública Federal\n",
    "Localização\n": "Rio Grande, Rio Grande do Sul, Brasil\n",
    "Funcionários técnico-administrativos\n": "1.040\n",
    "Reitor(a)\n": "Danilo Giroldo\n",
    "Vice-reitor(a)\n": "Renato Duro Dias\n",
    "Docentes\n": "721\n",
    "Total de estudantes\n": "12.432\n",
    "Graduação\n": "9.016\n",
    "Pós-graduação\n": "2.400\n",
    "Campi\n": "Rio Grande, Santo Antônio da Patrulha, São Lourenço do Sul e Santa Vitória do Palmar.\n",
    "Afiliações\n": "CRUB, RENEX [1]\n",
    "Orçamento anual\n": "598.985.719,71 (2022)[2]\n",
    "Página oficial\n": "https://www.furg.br\n"
}