{
    "Sigla\n": "UERGS\n",
    "Fundação\n": "10 de julho de 2001 (23 anos)\n",
    "Tipo de instituição\n": " Pública Estadual\n",
    "Mantenedora\n": "Estado do Rio Grande do Sul\n",
    "Localização\n": " Porto Alegre, Rio Grande do Sul, Brasil\n",
    "Funcionários técnico-administrativos\n": "195\n",
    "Reitor(a)\n": "Leonardo Alvim Beroldt da Silva\n",
    "Vice-reitor(a)\n": "Sandra Monteiro Lemos\n",
    "Docentes\n": "262\n",
    "Total de estudantes\n": "6000\n",
    "Campi\n": "24 unidadesAlegreteBagéBento GonçalvesCachoeira do SulCaxias do SulCruz AltaEncantadoErechimFrederico WestphalenGuaíbaOsórioMontenegroNovo HamburgoPorto AlegreSananduvaSanta Cruz do SulSantana do LivramentoSão BorjaSão Francisco de PaulaSão Luiz GonzagaSoledadeTapesTrês PassosVacaria\n",
    "Cores\n": "Verde, vermelho, amarelo e branco \n",
    "Afiliações\n": "RENEX, ABRUEM\n",
    "Orçamento anual\n": "R$ 108 490 445 (2020)[1]\n",
    "Página oficial\n": "www.uergs.edu.br\n"
}