{
    "Sigla\n": "UFRGS\n",
    "Fundação\n": "29 de setembro de 1895 (129 anos) (Escola de Farmácia, Química e Engenharia)28 de novembro de 1934 (90 anos) (Universidade de Porto Alegre)\n",
    "Tipo de instituição\n": "Pública Federal\n",
    "Mantenedora\n": " Ministério da Educação (Governo do Brasil)\n",
    "Localização\n": "Porto Alegre, Rio Grande do Sul, Brasil (Reitoria)\n",
    "Reitor(a)\n": "Márcia Barbosa\n",
    "Vice-reitor(a)\n": "Pedro Costa\n",
    "Total de estudantes\n": "47087\n",
    "Cores\n": " Vermelho Azul\n",
    "Afiliações\n": "CRUB, RENEX[1]\n",
    "Orçamento anual\n": "2.183.584.979,00 (2,18 bilhões de reais) (2023).[2]\n",
    "Página oficial\n": "www.ufrgs.br\n"
}