{
    "Conhecido(a) por\n": "descoberta de Netuno\n",
    "Nascimento\n": "11 de março de 1811Saint-Lô, Primeiro Império Francês\n",
    "Morte\n": "23 de setembrode1877(66 anos)Paris, Primeiro Império Francês\n",
    "Residência\n": "França\n",
    "Nacionalidade\n": "francês\n",
    "Cônjuge\n": "Lucille Clotilde Choquet\n",
    "Alma mater\n": "Escola Politécnica de Paris\n",
    "Prêmios\n": "\nMedalha Copley(1846)Medalha de Ouro da Royal Astronomical Society(1868) e (1876)[1]\n",
    "Campo(s)\n": "Matemática e astronomia\n"
}