{
    "Nascimento\n": "Vincent Edward Zoino9 de julho de 1928Brooklyn\n",
    "Morte\n": "11 de março de 1996 (67 anos)Los Angeles\n",
    "Sepultamento\n": "Holy Cross Cemetery\n",
    "Cidadania\n": "Estados Unidos\n",
    "Alma mater\n": ".mw-parser-output .plainlist ol,.mw-parser-output .plainlist ul{line-height:inherit;list-style:none;margin:0;padding:0}.mw-parser-output .plainlist ol li,.mw-parser-output .plainlist ul li{margin-bottom:0}Universidade Estadual de OhioAcademia Americana de Artes Dramáticas\n",
    "Ocupação\n": "ator, cantor, ator de televisão, realizador\n",
    "Instrumento\n": "voz\n",
    "Causa da morte\n": "cancro do pâncreas\n"
}