{
    "Reinado\n": "16 de abril de 69a 22 de dezembro de 69\n",
    "Predecessor\n": "Otão\n",
    "Sucessor\n": "Vespasiano\n",
    "Nascimento\n": "24 de setembro de 15Roma, Itália, Império Romano\n",
    "Morte\n": "22 de dezembrode69(54 anos)Roma, Itália, Império Romano\n",
    "Nome completo\n": " \n",
    "Esposas\n": "PetrôniaGaléria Fundana\n",
    "Descendência\n": "Aulo Vitélio PetrônioAuto Vitélio GermânicoVitélia\n",
    "Pai\n": "Lúcio Vitélio\n",
    "Mãe\n": "Sextília\n"
}