{
    "Nome completo\n": "James Brian Hellwig\n",
    "Nascimento\n": "16 de junho de 1959Crawfordsville, Indiana\n",
    "Morte\n": "8 de abril de 2014 (54 anos)Scottsdale, Arizona\n",
    "Nome(s)de ringue\n": "Blade Runner Rock[1]Dingo Warrior[1]Jim \"Justice\" Hellwig [1]The Ultimate WarriorWarrior[1]\n",
    "Alturaanunciada\n": "6 ft 2 in (1,88 m)[2]\n",
    "Pesoanunciado\n": "280 lb (127 kg)[2]\n",
    "Anunciadode\n": "\"Partes desconhecidas\" (como The Ultimate Warrior) [1] Queens, Nova Iorque(como The Dingo Warrior)\n",
    "Treinadopor\n": "Bill AndersonRick BassmanRed Bastien[1]\n",
    "Estreia\n": "28 de novembro de 1985\n",
    "Aposentadoria\n": "9 de novembro de 1998\n"
}