{
    "Nascimento\n": "12 de julho de 1913Los Angeles\n",
    "Morte\n": "15 de maio de 2008 (94 anos)Tucson\n",
    "Cidadania\n": "Estados Unidos\n",
    "Alma mater\n": "Universidade da Califórnia em Berkeley\n",
    "Ocupação\n": "físico, professor universitário\n",
    "Distinções\n": "Nobel de Física(1955), Guthrie Lecture(1958), Prêmio Einstein de Ciência do Laser(1992), Medalha Nacional de Ciências(2000)\n",
    "Empregador(a)\n": "Universidade Harvard, Universidade do Arizona, Universidade Columbia, Universidade Yale\n",
    "Orientador(a)(es/s)\n": "Robert Oppenheimer\n",
    "Orientado(a)(s)\n": "Theodore Harold Maiman, Marlan Scully, Balázs Győrffy\n",
    "Instituições\n": "Universidade do Arizona, Universidade de Oxford, Universidade Yale, Universidade Columbia, Universidade Stanford\n",
    "Campo(s)\n": "Física\n",
    "Tese\n": "1938\n"
}