{
    "Nome completo\n": "Darren Kenneth Matthews\n",
    "Nascimento\n": "10 de maio de 1968 (56 anos)Codsall Wood, Staffordshire, Inglaterra\n",
    "Residência\n": "Atlanta, Geórgia\n",
    "Filho(s)\n": "3; incluindo Charlie Dempsey\n",
    "Nome(s)de ringue\n": "Steve Regal[1]Lord Steven Regal[1][2]Stephen Regal[3]Steven William Regal[3]Roy Regal[3]William Regal[4]\n",
    "Alturaanunciada\n": "6 ft 3 in (1,91 m)[4]\n",
    "Pesoanunciado\n": "243 lb (110 kg)[4]\n",
    "Anunciadode\n": "Blackpool, Inglaterra\n",
    "Treinadopor\n": "Marty Jones\n",
    "Estreia\n": "1983\n",
    "Aposentadoria\n": "2013\n"
}