{
    "Nome completo\n": "Willard Carroll Smith II\n",
    "Outros nomes\n": "The Fresh Prince\n",
    "Nascimento\n": "25 de setembro de 1968 (56 anos)Filadélfia, Pensilvânia, Estados Unidos\n",
    "Nacionalidade\n": "norte-americano\n",
    "Etnia\n": "afro-americano\n",
    "Cônjuge\n": ".mw-parser-output .plainlist ol,.mw-parser-output .plainlist ul{line-height:inherit;list-style:none;margin:0;padding:0}.mw-parser-output .plainlist ol li,.mw-parser-output .plainlist ul li{margin-bottom:0}Sheree Smith(c.1992;div.1995)Jada Pinkett Smith(c.1997)\n",
    "Filho(a)(s)\n": "3 (incluindo Jaden e Willow Smith)\n",
    "Ocupação\n": "Atorrapperprodutor cinematográficoprodutor musicalprodutor de televisão\n",
    "Período de atividade\n": "1990–presente\n",
    "Prêmios\n": "lista completa\n",
    "Período musical\n": "1985–presente\n",
    "Gênero(s)\n": "Hip hop\n",
    "Gravadora(s)\n": "JiveRCAColumbiaSMEInterscopeUniversal\n",
    "Afiliações\n": "ListaDJ Jazzy Jeff & the Fresh PrinceCamp LoChristina VidalEddie FKenny GreeneTatyana AliTrackmasters\n",
    "Website\n": "willsmith.com\n"
}