{
    "Frase\n": "Too Big for Just One Night![1]\n",
    "Promoção\n": "WWE\n",
    "Programa(s)\n": "RawSmackDownNXT\n",
    "Patrocinador\n": "Snickers\n",
    "Data\n": "25 e 26 de março de 2020(exibido em 4 e 5 de abril de 2020)[a]\n",
    "Cidade\n": " Orlando, Flórida\n",
    "Local\n": "WWE Performance Center[b]\n",
    "Público\n": "0 (Portões fechados)[c]\n",
    "\n←AnteriorElimination ChamberPróximo→Money in the Bank\n": "← AnteriorElimination Chamber\n",
    "← AnteriorElimination Chamber\n": "Próximo →Money in the Bank\n",
    "\n←Anterior35Próximo→37\n": "← Anterior35\n",
    "← Anterior35\n": "Próximo →37\n"
}