{
    "Atuaiscampeões\n": "The Street Profits(Angelo DawkinseMontez Ford)\n",
    "Conquista\n": "14 de março de 2025\n",
    "Promoção\n": "WWE\n",
    "Programa\n": "SmackDown\n",
    "Criação\n": "23 de agosto de 2016\n",
    "\nEstatísticasPrimeiroscampeõesHeath SlatereRhynoMais reinadosComo dupla (7 reinados):The New DayIndividual (7 reinados):Kofi KingstoneXavier WoodsMaior reinadoThe Usos(Jey UsoeJimmy Uso)(182 dias)Menor reinadoThe New Day(Kofi KingstoneXavier Woods)(3 dias)Campeão maisvelhoShane McMahon(49 anos, 12 dias)Campeão maisnovoDominik Mysterio(24 anos, 41 dias)Campeão maispesadoThe Wyatt Family(Bray Wyatt,Luke HarpereRandy Orton)(810 lb (370 kg))Campeão maisleveThe Mysterios(ReyeDominik Mysterio)(447 lb (200 kg))\n": "Primeiroscampeões\n",
    "Primeiroscampeões\n": "Heath Slater e Rhyno\n",
    "Mais reinados\n": "Como dupla (7 reinados):The New Day\nIndividual (7 reinados):Kofi KingstoneXavier Woods\n",
    "Maior reinado\n": "The Usos(Jey UsoeJimmy Uso)(182 dias)",
    "Menor reinado\n": "The New Day(Kofi KingstoneXavier Woods)(3 dias)\n",
    "Campeão maisvelho\n": "Shane McMahon(49 anos, 12 dias)\n",
    "Campeão maisnovo\n": "Dominik Mysterio(24 anos, 41 dias)\n",
    "Campeão maispesado\n": "The Wyatt Family(Bray Wyatt,Luke HarpereRandy Orton) (810 lb (370 kg))\n",
    "Campeão maisleve\n": "The Mysterios(ReyeDominik Mysterio)(447 lb (200 kg))"
}