{
    "Atual campeão\n": "LA Knight\n",
    "Conquista\n": "7 de março de 2025\n",
    "Promoção\n": "NWA (1975–1988)WCW (1988–2001)WWF/WWE (2001; 2003–presente)\n",
    "Programa\n": "SmackDown\n",
    "Criação\n": "1 de janeiro de 1975\n",
    "\nEstatísticasPrimeiro campeãoHarley RaceMais reinadosRic Flair(6 reinados)Maior reinadoLex Luger(523 dias) - geralDean Ambrose(351 dias) - WWEMenor reinadoSteve Austin(2º reinado, 5 minutos)Campeão maisvelhoTerry Funk(56 anos, 85 dias)Campeão maisnovoDavid Flair(20 anos, 121 dias)Campeão maispesadoBig Show500 lb (227 kg)Campeão maisleveKalisto170 lb (77,1 kg)\n": "Primeiro campeão\n",
    "Primeiro campeão\n": "Harley Race\n",
    "Mais reinados\n": "Ric Flair(6 reinados)\n",
    "Maior reinado\n": "Lex Luger(523 dias) - geralDean Ambrose(351 dias) - WWE\n",
    "Menor reinado\n": "Steve Austin(2º reinado, 5 minutos)\n",
    "Campeão maisvelho\n": "Terry Funk(56 anos, 85 dias)\n",
    "Campeão maisnovo\n": "David Flair(20 anos, 121 dias)\n",
    "Campeão maispesado\n": "Big Show500 lb (227 kg)\n",
    "Campeão maisleve\n": "Kalisto170 lb (77,1 kg)\n"
}